vet_old,vet_new
ATTORNEYGENERAL,ATTORNEY GENERAL
CITY OF TORONTO TORONTO TRANSIT COMM,CITY OF TORONTO TORONTO TRANSIT COMMISSION
THE UNIVERSITY OF WESTERN ONTARIO,UNIVERSITY OF WESTERN ONTARIO
COMM SAFETYAND CORR SERVICES,COMM SAFETY AND CORR SERVICES
COMMUNITY SAFETY AND CORR SERVICES,COMM SAFETY AND CORR SERVICES
REGIONAL MUNICIPALITY OF PEEL POLICE SERVICES BOARD,REGIONAL MUNICIPALITY OF PEEL POLICE SERVICES
,
,
,
,
,
THE REGIONAL MUNICIPALITY OF DURHAM,REGIONAL MUNICIPALITY OF DURHAM
REG'L MUNICIPALITY OF DURHAM,REGIONAL MUNICIPALITY OF DURHAM
,
REGIONAL MUNICPALITY OF YORK,REGIONAL MUNICIPALITY OF YORK
REG'L MUNICIPALITY OF YORK,REGIONAL MUNICIPALITY OF YORK
ONTARIO COURT OF JUSTICE[1],ONTARIO COURT OF JUSTICE
WORKPLACE SAFETY AND INSURANCE BRD,WORKPLACE SAFETY AND INSURANCE BOARD
WORKPLACE SAFETY AND INS BOARD,WORKPLACE SAFETY AND INSURANCE BOARD
DUFFERINPEEL CATHOLIC DISTIRCT SCHOOL BOARD,DUFFERINPEEL CATHOLIC DISTRICT SCHOOL BOARD
SUNNYBROOK HEALTH SCIENCE CENTRE,SUNNYBROOK HEALTH SCIENCES CENTRE
HAMILTON HEALTH SCIENCES CORP,HAMILTON HEALTH SCIENCES CENTRE
HAMILTON HEALTH SCIENCE CTR,HAMILTON HEALTH SCIENCES CENTRE
REG'L MUNICIPALITY OF PEEL,REGIONAL MUNICIPALITY OF PEEL
HEALTH AND LONG TERM CARE,HEALTH AND LONGTERM CARE
THE REGIONAL MUNICIPALITY OF HALTON,REGIONAL MUNICIPALITY OF HALTON
REG'L MUNICIPALITY OF HALTON,REGIONAL MUNICIPALITY OF HALTON
REG MUNICIPALITY OF HALTON,REGIONAL MUNICIPALITY OF HALTON
HOSPITAL FOR SICK CHILDREN,HOSPITAL FOR SICK CHILDREN THE
LONDON HEALTH SCIENCES CTR,LONDON HEALTH SCIENCES CENTRE
INDEPENDENT ELECTRICITY SYSTEM OP,INDEPENDENT ELECTRICITY SYSTEM OPERATOR
,
,
,
HAMILTONWENTWORTH CATHOLIC DISTRICT SCHOOL BOARD,HAMILTON WENTWORTH CATHOLIC DISTRICT SCHOOL BOARD
ONTARIO LOTTERY AND GAMING CORP,ONTARIO LOTTERY AND GAMING CORPORATION
CENTRE FOR ADDICTION AND MENTAL HLTH,CENTRE FOR ADDICTION AND MENTAL HEALTH
ST JOSEPH'S HEALTH CARE HAMILTON,ST JOSEPH'S HEALTHCARE HAMILTON
ST JOSEPH'S HLTHCARE HAMILTON,ST JOSEPH'S HEALTHCARE HAMILTON
CITY OF LONDONPOLICE SERVICES,CITY OF LONDON POLICE SERVICES
OTTAWA CARLETON DISTRICT SCHOOL BOARD,OTTAWACARLETON DISTRICT SCHOOL BOARD
OTTAWACARLETON DISTRICT SCH BD,OTTAWACARLETON DISTRICT SCHOOL BOARD
ST JOSEPH'S HLTH CARE LONDON,ST JOSEPH'S HEALTH CARE LONDON
ST JOSEPH'S HEALTH CENTRE LONDON,ST JOSEPH'S HEALTH CARE LONDON
ST JOSEPH S HLTH CTR LONDON,ST JOSEPH'S HEALTH CARE LONDON
,
SOUTHLAKE REGIONAL HEALTH CTR,SOUTHLAKE REGIONAL HEALTH CENTRE
,
,
HAMILTON WENTWORTH CATHOLIC DISTRICT SCHOOLBD,HAMILTON WENTWORTH CATHOLIC DISTRICT SCHOOL BOARD
UNIVERSITY OF ONTARIO INSTITUTE OF TECH,UNIVERSITY OF ONTARIO INST OF TECH
THE REGIONAL MUNICIPALITY OF NIAGARA,REGIONAL MUNICIPALITY OF NIAGARA
,
REG'L MUNICIPALITY OF NIAGARA,REGIONAL MUNICIPALITY OF NIAGARA
,
,
FANSHAW COLLEGE,FANSHAWE COLLEGE
,
AGRICULTUREFOOD AND RURAL AFFAIRS,AGRICULTURE FOOD AND RURAL AFFAIRS
,
THE TOWN OF RICHMOND HILL,TOWN OF RICHMOND HILL
THUNDER BAY REGIONAL HLTH SCIENCES CTR,THUNDER BAY REGIONAL HEALTH SCIENCES CENTRE
HALTON HEALTHCARE SERVICES CORP,HALTON HEALTHCARE SERVICES
ALGOMA DISTRCT SCHOOL BOARD,ALGOMA DISTRICT SCHOOL BOARD
,
,
BAYCREST CTR FOR GERIATRIC CARE,BAYCREST CENTRE FOR GERIATRIC CARE
ROYAL OTTAWA HEALTH CARE GRP,ROYAL OTTAWA HEALTH CARE GROUP
ROYAL OTTAWA HLTH CARE GOUP,ROYAL OTTAWA HEALTH CARE GROUP
,
,
,
,
,
,
,
LAMBTON COLLEGE OF APPLIED ARTS AND TECHNOLOGY,THE LAMBTON COLLEGE OF APPLIED ARTS AND TECHNOLOGY
,
,
,
,
SAULT AREA HOSPITALS,SAULT AREA HOSPITAL
CHILDREN'S AID SOCIETY TORONTO,CHILDREN'S AID SOCIETY OF TORONTO
CHILDRENS AID SOCIETYTORONTO,CHILDREN'S AID SOCIETY OF TORONTO
,
PETERBOROUGH REGIONAL HEALTH CTR,PETERBOROUGH REGIONAL HEALTH CENTRE
PETERBOROUGH REGIONAL HLTH CTR,PETERBOROUGH REGIONAL HEALTH CENTRE
,
,
QUEENSWAYCARLETON HOSPITAL,QUEENSWAY CARLETON HOSPITAL
ST MARY'S GENERAL HOSP,ST MARY'S GENERAL HOSPITAL
THE BRANT COMMUNITY HEALTHCARE SYSTEM,BRANT COMMUNITY HEALTHCARE SYSTEM
FINANCIAL SRVCS COMMISSION,FINANCIAL SERVICES COMMISSION
,
REGIONAL MUNICIPALITY OF YORK RAPIDCO,REG'L MUNICIPALITY OF YORK RAPIDCO
MUNICIPALITY OF CARLINGTON,MUNICIPALITY OF CLARINGTON
,
GREY BRUCE HEALTH SRVCS,GREY BRUCE HEALTH SERVICES
KEEWATINPATRICIA DISTRICT SCH BD,KEEWATINPATRICIA DISTRICT SCHOOL BOARD
ONTARIO NORTHLAND TRANSPORTATION COMM,ONTARIO NORTHLAND TRANSPORT COMM
CHILDREN'S HOSPITAL OF EASTERN ONT,CHILDREN'S HOSP OF EASTERN ONT
CHILDREN'S HOSP OF EAST ONTARIO,CHILDREN'S HOSPITAL OF EASTERN ONTARIO
CHILDRENS HOSP OF EAST ONTARIO,CHILDREN'S HOSPITAL OF EASTERN ONTARIO
CHILDREN S HOSP OF EAST ONTARIO,CHILDREN'S HOSPITAL OF EASTERN ONTARIO
HALTON HEALTHCARE SRVCS,HALTON HEALTHCARE SERVICES
HÔPITAL MONTFORT,HÃ´PITAL MONTFORT
HOPITAL MONTFORT,HÃ´PITAL MONTFORT
PETERBOROUGH VICTORIA NORTHUMBERLAND AND CLARINGTON CDSB,PETERBOROUGH VICTORIA NORTHUMBERLAND AND CLARINGTON CATHOLIC DSB
PETERBOROUGH VICTORIA NORTHUMBERLAND AND CLARINGTON RCSSB,PETERBOROUGH VICTORIA NORTHUMBERLAND AND CLARINGTON CATHOLIC DSB
CHATHAM KENT HEALTH ALLIANCE,CHATHAMKENT HEALTH ALLIANCE
CHATHAM KENT HLTH ALLIANCE,CHATHAMKENT HEALTH ALLIANCE
QUINTE HEALTH CARE CORPORATION,QUINTE HEALTHCARE CORPORATION
ONTARIO COLLEGE OF ART AND DESIGN UNIVERSITY (OCAD),ONTARIO COLLEGE OF ART AND DESIGN UNIVERSITY
CHILDREN'S HOSPITAL OF EASTERN ONTARIO  OTTAWA CHILDREN'S TREATMENT CENTRE,CHILDREN'S HOSPITAL OF EASTERN ONTARIO OTTAWA CHILDREN'S TREATMENT CENTRE
CANADIAN INSTITUTE FOR HEALTH INFORMATION,CANADIAN INSTITUTE FOR HEALTH INFO
ST JOSEPH S CARE GROUP,ST JOSEPH'S CARE GROUP
ST JOSEPH CARE GROUP,ST JOSEPH'S CARE GROUP
UNIVERSITY OF OTTAWA HEART INSTITUTE,THE UNIVERSITY OF OTTAWA HEART INSTITUTE
HUMBER RIVER REGIONAL HOSP,HUMBER RIVER REGIONAL HOSPITAL
CONSEIL DES Ã©COLES PUBLIQUES DE L'EST DE L'ONTARIO,CONSEIL DES ÃCOLES PUBLIQUES DE L'EST DE L'ONTARIO
CONSEIL DES ÉCOLES PUBLIQUES DE L'EST DE L'ONTARIO,CONSEIL DES ÃCOLES PUBLIQUES DE L'EST DE L'ONTARIO
CITY OF NORTH BAY POLICE SERVICES BD,CITY OF NORTH BAY POLICE SERVICES BOARD
CITY OF NORTH BAY POLICE SRVCS BOARD,CITY OF NORTH BAY POLICE SERVICES BOARD
ENERGY NORTHERN DEVELOPMENT AND MINES,NORTHERN DEVELOPMENT AND MINES
,
ORILLIA SOLDIERS' MEMORIAL HOSPITAL,ORILLIA SOLDIERS MEMORIAL HOSPITAL
ORILLIA SOLDIERS' MEMORIAL HOSP,ORILLIA SOLDIERS MEMORIAL HOSPITAL
,
CONSEIL SCOLAIRE DU DISTRICT DU GRAND NORD DE L'ONTARIO,CONSEIL SCOLAIRE DE DISTRICT DU NORDEST DE L'ONTARIO
CONSEIL SCOLAIRE CATHOLIQUE DES GRANDES RIVIÈRES,CONSEIL SCOLAIRE CATHOLIQUE DES GRANDES RIVIÃ¨RES
SUPERIOR GREENSTONE DISCTRICT SCHOOL BOARD,SUPERIORGREENSTONE DISTRICT SCHOOL BOARD
,
HURON SUPERIOR CATHOLIC DISTRICT SCHOOL BOARD,HURONSUPERIOR CATHOLIC DISTRICT SCHOOL BOARD
,
,
WORKPLACE SAFETY AND INS APPEALS TRIBUNAL,WORKPLACE SAFETY AND INS APPEALS TRIB
WESTPARK HEALTHCARE CENTRE,WEST PARK HEALTHCARE CENTRE
HÃ´PITAL RÃ©GIONAL DE SUDBURY REGIONAL HOSPITAL,HÔPITAL RÉGIONAL DE SUDBURY REGIONAL HOSPITAL
,
ONT HOSPITAL ASSOCIATION,ONTARIO HOSPITAL ASSOCIATION
INDEPENDENT ELECTRICITY MARKET OPERATOR,INDEPENDENT ELECTRICITY MARKET OP
ONTARIO INSTITUTE OF CANCER RESEARCH,ONTARIO INSTITUTE FOR CANCER RESEARCH
BRUYÈRE CONTINUING CARE,BRUYÃ¨RE CONTINUING CARE
THE CHILDREN'S AID SOCIETY OF OTTAWA,THE CHILDREN'S AID SOCIETY OF OTTAWACARLETON
CHILDRENS AID SOCIETYOTTAWA,CHILDREN'S AID SOCIETY OF OTTAWA
TOWN OF WHITCHURCH STOUFFVILLE,TOWN OF WHITCHURCHSTOUFFVILLE
DUFFERINPEEL RCSSB,DUFFERINPEEL CDSB
,
TORONTO AND REGION CONSERVATION AUTH,TORONTO AND REGION CONSERV AUTH
TORONTO WATERFRONT REVITALIZATION CORP,TORONTO WATERFRONT REVITALIZATION CORPORATION
,
,
,
,
ST THOMASELGIN GENERAL HOSPITAL,ST THOMAS ELGIN GENERAL HOSPITAL
ST THOMAS ELGIN GENERAL HOSP,ST THOMAS ELGIN GENERAL HOSPITAL
ST THOMAS ELGIN GEN HOSPITAL,ST THOMAS ELGIN GENERAL HOSPITAL
,
,
,
,
THE DISTRICT MUNICIPALITY OF MUSKOKA,DISTRICT MUNICIPALITY OF MUSKOKA
EDUCATION QUALITY ACCOUNTABILITY OFFICE,EDUCATION QUALITY AND ACCOUNTABILITY OFFICE
EDUCATION QUALITY AND ACCOUNT OFFICE,EDUCATION QUALITY AND ACCOUNTABILITY OFFICE
ED QUALITY AND ACCOUNTABILITY OFFICE,EDU QUALITY AND ACCOUNTABILITY OFF
EASTERN ONTARIO REGIONAL LABORATORY ASSOCIATION,EASTERN ONTARIO REGIONAL LAB ASSOCIATION
,
THE NIAGARA PARKS COMMISSION,NIAGARA PARKS COMMISSION
CHILDREN AND FAMILY SRVCS OF YORK REGION,CHILDREN AND FAMILY SRVCS YORK REG
CHILDREN AND FAMILY SRVCSYORK REGION,CHILDREN AND FAMILY SRVCS YORK REG
HEADWATERS HEALTH CARE CENTRE,HEADWATER HEALTH CARE CENTRE
HEADWATERS HEALTHCARE CENTRE,HEADWATER HEALTH CARE CENTRE
HEADWATERS HEALTH CARE CTR,HEADWATER HEALTH CARE CENTRE
HÔTELDIEU GRACE HEALTHCARE,HÃ´TELDIEU GRACE HEALTHCARE
PERTH AND SMITH FALLS DISTRICT HOSPITAL,PERTH AND SMITHS FALLS DISTRICT HOSPITAL
PERTH AND SMITHS FALLS DISTRICT HOSP,PERTH AND SMITHS FALLS DISTRICT HOSPITAL
PERTH AND SMITH FALLS DISTRICT HOSP,PERTH AND SMITHS FALLS DISTRICT HOSPITAL
COUNTY OF HASTING,COUNTY OF HASTINGS
LA CITÉ COLLEGIALE,LA CITE COLLEGIALE
TORONTO COMMUNITY HOUSING CORP,TORONTO COMMUNITY HOUSING CORPORATION
METRO TORONTO CONVENTION CENTRE CORPORATION,METROPOLITAN TORONTO CONVENTION CENTRE CORPORATION
HEALTH INTEGRATION NETWORK OF ERIE ST CLAIR,LOCAL HEALTH INTEGRATION NETWORK ERIE ST CLAIR
UNITED COUNTIES OF PRESCOTT RUSSELL,UNITED COUNTIES OF PRESCOTT AND RUSSELL
,
CREDIT VALLEY HOSPITAL,CREDIT VALLEY HOSPITAL THE
CITY OF SAULT STE MARIEPOLICE SERVICES,CITY OF SAULT STE MARIE POLICE SERVICES
CITY OF SAULT STE MARIE POLICE SERVICE,CITY OF SAULT STE MARIE POLICE SERVICES
CONSEIL SCOLAIRE CATHOLIQUE DE DISTRICT DES GRANDES RIVIÈRES,CONSEIL SCOLAIRE CATHOLIQUE DE DISTRICT DES GRANDES RIVIÃ¨RES
,
THE CHILDREN'S AID SOCIETY OF HAMILTON,CATHOLIC CHILDREN'S AID SOCIETY OF HAMILTON
PEMBROKE REGIONAL HOSPITAL INC,PEMBROKE REGIONAL HOSPITAL
RIVERSIDE HEALTH CARE FACILITIES,RIVERSIDE HEALTH CARE FACILITIES INC
RIVERSIDE HEALTH CARE FACILITY INC,RIVERSIDE HEALTH CARE FAC INC
RIVERSIDE HLTH CARE FACILITY INC,RIVERSIDE HEALTH CARE FACILITIES INC
COLLINGWOOD GENERAL AND MARINE HOSP,COLLINGWOOD GENERAL AND MARINE
WEST PARRY SOUND HLTH CTR,WEST PARRY SOUND HEALTH CENTRE
NISHNAWBE ASKI POLICE SERVICE,NISHNAWBE ASKI POLICE SERVICES
,
NISHNAWBEASKI POLICE SERVICE,NISHNAWBE ASKI POLICE SERVICES
,
,
MUNICIPALITY WEST NIPISSING,MUNICIPALITY OF WEST NIPISSING
ONTARIO INFRASTRUCTRUE PROJECTS CORPORATION,ONTARIO INFRASTRUCTURE PROJECTS CORPORATION
GRAND RIVER CONSERVATION AUTHORITIES,GRAND RIVER CONSERVATION AUTHORITY
CITY OF TORONTO BOARD OF GOVERNORS EXHIBITION PLACE,CITY OF TORONTO BOARD OF GOVERNORS OF EXHIBITION PLACE
SOINS CONTINUS BRUYÈRE CONTINUING CARE,SOINS CONTINUS BRUYÃ¨RE CONTINUING CARE
JOSEPH BRANT MEMORIAL HOSP,JOSEPH BRANT MEMORIAL HOSPITAL
THE CONFEDERATION COLLEGE OF APPLIED ARTS AND TECHNOLOGY,CONFEDERATION COLLEGE OF APPLIED ARTS AND TECHNOLOGY
,
RUNNYMEDE HEALTH CARE CENTRE,RUNNYMEDE HEALTHCARE CENTRE
NORTHEAST MENTAL HEALTH CTR,NORTHEAST MENTAL HEALTH CENTRE
SIOUX LOOKOUT MENOYAWIN HEALTH CENTRE,SIOUXLOOKOUT MENOYAWIN HTH CTR
LOCAL HEALTH INTEGRATION NETWORK (NORTH WEST ONTARIO),LOCAL HEALTH INTEGRATION NETWORK NORTH WEST ONTARIO
DEPOSIT INSURANCE CORP OF ONTARIO,DEPOSIT INSURANCE CORPORATION OF ONTARIO
LA CITÃ© COLLEGIALE,LA CITE COLLEGIALE
THE CANADIAN RED CROSS SOCIETY,CANADIAN RED CROSS SOCIETY
LAKE OF THE WOODS DISTRICT HOSP,LAKE OF THE WOODS DISTRICT HOSPITAL
SMART SYSTEMS FOR HLTH AGENCY,SMART SYSTEMS FOR HEALTH AGENCY
SUPERIOR NORTH CATHOLIC DISTSRICT SCHOOL BOARD,SUPERIOR NORTH CATHOLIC DISTRICT SCHOOL BOARD
ST JOSEPH'S CARE GRP THUNDER BAY,ST JOSEPH'S CARE GROUP THUNDER BAY
SOUTH BRUCE GREY HLTH CTR,SOUTH BRUCE GREY HEALTH CENTRE
HÃ´PITAL GÃ©NÃ©RALE DE HAWKESBURY AND DISTRICT GENERAL HOSPITAL,HÃ´PITAL GÃ©NÃ©RAL DE HAWKESBURY AND DISTRICT GENERAL HOSPITAL
HÔPITAL GÉNÉRAL DE HAWKESBURY AND DISTRICT GENERAL HOSPITAL,HÔPITAL GÉNÉRAL DE HAWKESBURY AND DIST GENERAL HOSP
ONTARIO EDUCATIONAL COMMUNICATIONS AUTHORITY (TVO),ONTARIO EDUCATIONAL COMMUNICATIONS AUTHORITY (TV ONTARIO)
KIRKLAND DISTRICT HOSPITAL,KIRKLAND AND DISTRICT HOSPITAL
,
WELLINGTON DUFFERIN GUELPH HEALTH UNIT,WELLINGTONDUFFERINGUELPH HEALTH UNIT
WELLINGTON DUFFERIN GUELPH HLTH UNIT,WELLINGTONDUFFERINGUELPH HEALTH UNIT
,
NORTH WEST COMMUNITY CARE ACCESS CENTRE,SOUTH WEST COMMUNITY CARE ACCESS CENTRE
,
QUINTE HEALTHCARE,QUINTE HEALTH CARE
THE MICHENER INSITUTE FOR APPLIED HEALTH SCIENCES,THE MICHENER INSTITUTE FOR APPLIED HEALTH SCIENCES
TORONTO CONVENTIONS AND VISITORS ASSOC'N,TORONTO CONVENTION AND VISITORS ASSOCIATION
TILLSONBURG DISTRICT MEMORIAL HOSP,TILLSONBURG DISTRICT MEMORIAL
CSCDE DISTRICT DES GRANDES RIVIÈRES,CSC DE DISTRICT DES GRANDES RIVIÈRES
ONT MUNICIPAL BOARD,ONTARIO MUNICIPAL BOARD
HAWKESBURY AND DISTRICT GENERAL HOSPITAL INC,HAWKESBURY AND DISTRICT GENERAL HOSPITAL
HAWKESBURY AND DISTRICT GENERAL HOSP,HAWKESBURY AND DISTRICT GENHOSPIN
TORONTO ORGANIZING COMMITTEE FOR THE 2015 PAN AMERICAN AND PARAPAN AMERICAN GAMES 2015,TORONTO ORGANIZING COMMITTEE FOR THE 2015 PAN AMERICAN AND PARAPAN AMERICAN GAMES
TORONTO ORGANIZING COMMITTEE FOR PAN AMERICAN AND PARAPAN AMERICAN GAMES,TORONTO ORGANIZING COMMITTEE FOR THE 2015 PAN AMERICAN AND PARAPAN AMERICAN GAMES
OTTAWACARLETON CDSB,OTTAWACARLETON RCSSB
OTTAWA CARLETON DSB,OTTAWACARLETON DSB
OTTAWACARLETON RCDSB,OTTAWACARLETON RCSSB
OTTAWACARLETON CSB,OTTAWACARLETON RCSSB
INST FOR CLINICAL EVALUATIVE SCIENCES,INSTITUTE FOR CLINICAL EVALUATIVE SCIENCES
ICES (INSTITUTE FOR CLINICAL EVALUATIVE SCIENCES),INSTITUTE FOR CLINICAL EVALUATIVE SCIENCES
UNSION HEALTH AND COMMUNITY SERVICES,UNISON HEALTH AND COMMUNITY SERVICES
DISTRICT OF COCHRANE SOCIAL SERVICES ADMIN BOARD,DISTRICT OF COCHRANE SOCIAL SERVICES ADMIN BD
REGIONAL MUNICIPALITY OF PEEL POLICE,REG'L MUNICIPALITY OF PEEL POLICE
CHATHAM KENT CHILDREN'S SERVICES,CHATHAMKENT CHILDREN'S SERVICES
WINCHESTER DISTRICT MEMORIAL HOSP,WINCHESTER DISTRICT MEMORIAL HOSPITAL
KENORA DISTRICT SRVCS BOARD,KENORA DISTRICT SERVICES BOARD
NATIVE CHILD AND FAMILY SRVCS OF TORONTO,NATIVE CHILD AND FAMILY SERVICES OF TORONTO
NATIVE CHILD AND FAMILY SRVCS TORONTO,NATIVE CHILD AND FAMILY SERVICES OF TORONTO
ST JOSEPHS HEALTH CENTRE GUELPH,ST JOSEPH'S HEALTH CENTRE GUELPH
ST JOSEPH'S HLTH CENTRE GUELPH,ST JOSEPH'S HEALTH CENTRE GUELPH
CITY OF KENDRA,CITY OF KENORA
,
CHILDREN'S AID SOCIETY OF THE REGIONAL MUNICIPAL OF WATERLOO,CHILDREN'S AID SOCIETY OF THE REGIONAL MUNICIPALITY OF WATERLOO
CHILDREN'S AID SOCIETY OF THE REGIONAL MUNICIPALITY OF HALTON,CHILDREN'S AID SOCIETY OF THE REGIONAL MUNICIPALITY OF WATERLOO
CHILDREN'S AID SOCIETY OF REG'L MUNICIPALITY OF WATERLOO,CHILDREN'S AID SOCIETY OF THE REGIONAL MUNICIPALITY OF WATERLOO
ONTARIO EDUCATIONAL COMMUNICATIONS AUTHORITY (TVONTARIO),ONTARIO EDUCATIONAL COMMUNICATIONS AUTHORITY (TV ONTARIO)
CSDDES ÉCOLES CATHOLIQUES DU SUDOUEST,CSD DES ÉCOLES CATHOLIQUES DU SUDOUEST
COUNTY PRINCE EDWARD,COUNTY OF PRINCE EDWARD
THUNDER BAY DIST HEALTH UNIT,THUNDER BAY DISTRICT HEALTH UNIT
TORONTO CENTRAL COMMUNITY CARE ACCESS CENTRETORONTO,TORONTO CENTRAL COMMUNITY CARE ACCESS CENTRE
MIDDLESEXLONDON HEALTH UNIT,MIDDLESEX LONDON HEALTH UNIT
THE CANADIAN NATIONAL INSTITUTE FOR THE BLIND,CANADIAN NATIONAL INSTITUTE FOR THE BLIND
CANADIAN NAT INSTITUTE FOR THE BLIND,CANADIAN NATIONAL INSTITUTE FOR THE BLIND
CANADIAN NATIONAL INSTITUTE FOR THE BLIND (CNIB),CANADIAN NATIONAL INSTITUTE FOR THE BLIND
WINDSOR ESSEX COUNTY HEALTH UNIT,WINDSORESSEX COUNTY HEALTH UNIT
WINDSORESSEX COUNTY HLTH UNIT,WINDSORESSEX COUNTY HEALTH UNIT
WINDSOR ESSEX COUNTY HLTH UNIT,WINDSORESSEX COUNTY HEALTH UNIT
THE WINDSORESSEX COUNTY HEALTH UNIT,WINDSORESSEX COUNTY HEALTH UNIT
NORTH BAY PARRY SOUND DIST HEALTH UNIT,NORTH BAY PARRY SOUND DISTRICT HEALTH UNIT
OFFICE OF THE CHIEF ELECTION OFFICER,OFFICE OF THE CHIEF ELECTORAL OFFICER
STRATHROY MIDDLESEX GENERAL HOSP,STRATHROYMIDDLESEX GENERAL
WINDSOR ESSEX CHILDREN'S AID SOCIETY,WINDSORESSEX CHILDREN'S AID SOCIETY
WINDSORESSEX CHILDREN'S AID SOC,WINDSORESSEX CHILDREN'S AID SOCIETY
,
,
TOWN OF TECUMESH,TOWN OF TECUMSEH
THE LENNOX AND ADDINGTON COUNTY GENERAL HOSPITAL,LENNOX AND ADDINGTON COUNTY GENERAL HOSPITAL
LANGS FARM VILLAGE ASSOCIATION CHC,LANGS FARM VILLAGE ASSOCIATION
REGENT PARK COMMUNITY HLTH CTR,REGENT PARK COMM HLTH CTR
REGIENT PARK COMMUNITY HLTH CTR,REGENT PARK COMMUNITY HEALTH CENTRE
SIMCOE MUSKOKA CHILD YOUTH AND FAMILY SERVICES (O,SIMCOE MUSKOKA CHILD YOUTH AND FAMILY SERVICES
HAMILTON REGION CONSERVATION AUTHORITY,HALTON REGION CONSERVATION AUTHORITY
WATERLOO WELLINGTON COMMUNITY CARE ACCESS CENTER,WATERLOO WELLINGTON COMMUNITY CARE ACCESS CENTRE
CONSEIL SCOLAIRE DE DISTRICT DES ÉCOLES CATHOLIQUES DU SUDOUEST,CONSEIL SCOLAIRE DE DISTRICT DES Ã©COLES CATHOLIQUES DU SUDOUEST
SOUTH RIVERDALE COMM HEALTH CENT,SOUTH RIVERDALE COMMUNITY HEALTH CENTRE
,
,
,
,
TOWN OF NIAGARA ONTHELAKE,TOWN OF NIAGARAONTHELAKE
CDS DE SCOLAIRE DU CENTRESUDOUEST,CSD DE SCOLAIRE DU CENTRESUDOUEST
SOMERSET WEST COMMUNITY HLTH CTR,SOMERSET WEST COMMUNITY HEALTH CENTRE
SOMERSET WEST COMM HEALTH CENT,SOMERSET WEST COMMUNITY HEALTH CENTRE
,
NORTH LAMBTON COMMUNITY HLTH CTR,NORTH LAMBTON COMMUNITY HEALTH CENTRE
,
LAMP COMMUNITY HEALTH CENTRE,LAMP COMMUNITY HEALTH CARE CENTRE
THE CANADIAN RED CROSS,CANADIAN RED CROSS
WEST NIPPISSING GENERAL HOSPITAL,WEST NIPISSING GENERAL HOSPITAL
WEST NIPISSING GENERAL HOSPTIAL,WEST NIPISSING GENERAL HOSPITAL
WEST NIPISSING GENERAL HOSP,WEST NIPISSING GENERAL HOSPITAL
COLLÈGE BORÉAL D'ARTS APPLIQUES ET DE TECHNOLOGIE,COLLEGE BOREAL D'ARTS APPLIQUES ET DE TECHNOLOGIE
COLLÃ¨GE BORÃ©AL D'ARTS APPLIQUES ET DE TECHNOLOGIE,COLLEGE BOREAL D'ARTS APPLIQUES ET DE TECHNOLOGIE
LAKE SIMCOE REGION CONSERVATION AUTH,LAKE SIMCOE REGION CONSERVATION AUTHORITY
LAKE SIMCOE CONSERVATION AUTHORITY,LAKE SIMCOE REGION CONSERVATION AUTHORITY
LEAMINGTON DISTRICT MEMORIAL HOSP,LEAMINGTON DISTRICT MEMORIAL
CONSEIL SCOLAIRE CATHOLIQUE DES AURORES BORÉALES,CONSEIL SCOLAIRE CATHOLIQUE DES AURORES BORÃ©ALES
ALEXANDRA MARINE AND GENERAL HOSP,ALEXANDRA MARINE AND GENERAL HOSPITAL
KINGSTON FRONTENAC LENNOX AND ADDINGTON HEALTH UNIT,KINGSTON FRONTENAC AND LENNOX AND ADDINGTON HEALTH UNIT
,
,
,
YORK RCDSB,YORK CDSB
FLEMINGDON HLTH CENTRE,FLEMINGDON HEALTH CENTRE
THE ROYAL CONSERVATORY OF MUSIC,ROYAL CONSERVATORY OF MUSIC
FAMILY AND CHILDREN'S SERVICE'S OF ST THOMAS AND ELGIN,FAMILY AND CHILDREN'S SERVICES OF ST THOMAS AND ELGIN
FAMILY AND CHILDREN SERVICES ST THOMAS AND ELGIN,FAMILY AND CHILDREN'S SERVICES OF ST THOMAS AND ELGIN
BLACK CREEK COMMUNITY HEALTH CENT,BLACK CREEK COMMUNITY HEALTH CENTRE
BLACK CREEK COMMUNITY HEALTH CTR,BLACK CREEK COMM HEALTH CTR
OTTAWA CHILDREN'S TREATMENT CENTRE INC,OTTAWA CHILDREN'S TREATMENT CENTRE
,
ST JOHN S REHAB HOSPITAL,ST JOHN'S REHAB HOSPITAL
ONTARIO ASSOCIATION OF CHILDREN'S AID SOCIETIES,ONTARIO ASSOCIATION OF CHILDREN'S AID SOCIETIES (OACAS)
THE CHILDREN'S AID SOCIETY OF HALDIMAND AND NORFOLK,CHILDREN'S AID SOCIETY OF HALDIMAND AND NORFOLK
CHILDREN'S AID SOCIETY OF HALDIMANDNORFOLK,CHILDREN'S AID SOCIETY OF HALDIMAND AND NORFOLK
ONTARIO COLLEGE FOR ART AND DESIGN,ONTARIO COLLEGE OF ART AND DESIGN
ONT COLLEGE OF ART AND DESIGN,ONTARIO COLLEGE OF ART AND DESIGN
TOWN OF KAPAUSKASING,TOWN OF KAPUSKASING
SANDY HILL COMMUNITY HEALTH CENTRE INC,SANDY HILL COMMUNITY HEALTH CENTRE
VALORIS FOR CHILDREN AND ADULTS OF PRESCOTT RUSSELL,VALORIS FOR CHILDREN AND ADULTS OF PRESCOTTRUSSELL
SCARBOROUGH CENTRE FOR HEALTH COMMUNITIES,SCARBOROUGH CENTRE FOR HEALTHY COMMUNITIES
WINDSORESSEX CDSB,WINDSOR ESSEX CDSB
WINDSORESSEX RCDSB,WINDSOR ESSEX CDSB
WEST ELGIN COMMUNITY HEALTH CENTRE,WEST ELGIN COMMUNITY HLTH CTR
KAWARTHA HALIBURTON CHILDREN'S AID SOCIETY,KAWARTHAHALIBURTON CHILDREN'S AID SOCIETY
BARRIE COMMUNITY HEATH CENTRE,BARRIE COMMUNITY HEALTH CENTRE
BARRIE COMMUNITY HEALTH CARE,BARRIE COMMUNITY HEALTH CENTRE
,
,
LOFT COMMUNITY SRVCS,LOFT COMMUNITY SERVICES
TREATY THREE POLICE SERVICES INC,TREATY THREE POLICE SERVICE
TREATY THREE POLICE SERVICE INC,TREATY THREE POLICE SERVICE
TREATY THREE POLICES SERVICES INC,TREATY THREE POLICE SERVICE
THE CANADIAN INSTITUTE FOR ADVANCED RESEARCH,THE CDN INSTITUTE FOR ADVANCED RESEARCH
THE CANADIAN INSTITUTE FOR ADVANCE RESEARCH,THE CDN INSTITUTE FOR ADVANCED RESEARCH
CANADIAN INST FOR ADVANCED RESEARCH,CDN INST FOR ADVANCED RESEARCH
CANADIAN INST FOR ADVANCED RESEARC,CDN INST FOR ADVANCED RESEARCH
HÔPITAL NOTREDAME HOSPITAL (HEARST),HÃ´PITAL NOTREDAME HOSPITAL (HEARST)
HÔPITAL NOTREDAME HOSPITAL HEARST,HÃ´PITAL NOTREDAME HOSPITAL (HEARST)
HOPITAL NOTREDAME HOSPITAL HEARST,HÃ´PITAL NOTREDAME HOSPITAL (HEARST)
HEALTH FORCEONTARIO MARKETING AND RECRUITMENT AGENCY,HEALTHFORCEONTARIO MARKETING AND RECRUITMENT AGENCY
,
ONTARIO MEDIA DEVELOPMENT CORP,ONTARIO MEDIA DEVELOPMENT CORPORATION
,
COUNTY ROADS COMMUNITY HEALTH CENTRE,COUNTRY ROADS COMMHEALTH CENTRE
COUNTRY ROADS COMMUNITY HLTH CENTER,COUNTRY ROADS COMMUNITY HEALTH CENTRE
COUNTRY ROADS COMMUNITY HLTH CTR,COUNTRY ROADS COMMUNITY HEALTH CENTRE
COUNTRY ROADS COMM HEALTH CENTRE,COUNTRY ROADS COMMHEALTH CENTRE
CENTRE FRANCOPHONE TORONTO,CENTRE FRANCOPHONE DE TORONTO
,
THE CHILDREN'S AID SOCIETY OF THE DISTRICT OF NIPISSING AND PARRY SOUND,CHILDREN'S AID SOCIETY OF THE DISTRICT OF NIPISSING AND PARRY SOUND
VINELAND RESEARCH AND INNOVATION CENTRE INC,VINELAND RESEARCH AND INNOVATIONS CENTRE INC
VINELAND RESEARCH AND INNOVATION CENTRE,VINELAND RESEARCH AND INNOVATIONS CENTRE INC
CITY OF CLARENCE ROCKLAND,CITY OF CLARENCEROCKLAND
CITY CLARENCEROCKLAND,CITY OF CLARENCEROCKLAND
THAMES VALLEY CHILDREN'S CTR,THAMES VALLEY CHILDREN'S CENTRE
TOWN OF MIDLAND POLICE SERVICES,TOWN OF MIDLAND POLICE SERVICE
NORTH WELLINGTON HEALTH CARE,NORTH WELLINGTON HEALTH CARE CORP
NORTH WELLINGTON HEALTH CARE CORPORATION,NORTH WELLINGTON HEALTH CARE CORP
CHILDREN'S AID SOCIETY OF THE DISTRICTS OF SUDBURY AND MANITOULIN,CHILDREN'S AID SOCIETY OF THE DISTRICT OF SUDBURYMANITOULIN
CENTRAL TORONTO COMMUNITY HEALTH CENTRE,CENTRAL TORONTO COMM HEALTH CENT
CENTRAL TORONTO COMMUNITY HLTH CTRS,CENTRAL TORONTO COMMUNITY HEALTH CENTRES
CENTRAL TORONTO COMMUNITY HLTH CTR,CENTRAL TORONTO COMMUNITY HEALTH CENTRES
GRAND BEND AREA COMMUNITY HEALTH CENTRE,GRAND BEND AREA COMMUNITY HEALTH CENTRE INC
GRAND BEND AREA COMMUNITY HEALTH CENTRE INCORPORATED,GRAND BEND AREA COMMUNITY HEALTH CENTRE INC
DISTRICT OF TIMISKAMING SOCIAL SERVICES ADMIN BD,DISTRICT OF TIMISKAMING SOCIAL SERVICES ADMIN BOARD
,
OFFICE OF THE WORKER ADVISOR,OFFICE OF THE WORKER ADVISER
CAS REG MUNICIPALITY OF WATERLOO,CAS REGIONAL MUNICIPALITY OF WATERLOO
LANARK HEALTH AND COMMUNITY SERVICES,LANARK RENFREW HEALTH AND COMMUNITY SERVICES
ST PETERS HOSPITAL,ST PETER'S HOSPITAL
HALIBURTON KAWARTHA PINE RIDGE DIST HEALTH UNIT,HALIBURTON KAWARTHA PINE RIDGE DISTRICT HEALTH UNIT
HALIBURTON KAWARTHA PINE RIDGE HEALTH UNIT,HALIBURTON KAWARTHA PINE RIDGE DISTRICT HEALTH UNIT
,
CENTRETOWN COMMUNITY HEALTH CENTRE,CENTRETOWN COMMUNITY HEALTH CTRS
CENTRETOWN COMMUNITY HEALTH CTR,CENTRETOWN COMMUNITY HEALTH CTRS
HASTINGS AND PRINCE EDWARDS COUNTIES HEALTH UNIT,HASTINGS AND PRINCE EDWARD COUNTIES HEALTH UNIT
CITY OF LONDON TRANSIT COMMISSION,CITY OF LONDON LONDON TRANSIT COMMISSION
CHILDREN'S AID SOCIETY OF THE CITY OF GUELPH AND COUNTY OF WELLINGTON,CHILDREN'S AID SOCIETY OF THE CITY OF GUELPH AND THE COUNTY OF WELLINGTON
THE CHILDREN'S AID SOCIETY OF THE CITY OF GUELPH AND COUNTY OF WELLINGTON,CHILDREN'S AID SOCIETY OF THE CITY OF GUELPH AND THE COUNTY OF WELLINGTON
SALVATION ARMY TORONTO GRACE HEALTH CENTRE,THE SALVATION ARMY TORONTO GRACE HEALTH CENTRE
HALTON RCDSB,HALTON RCSSB
,
HALTON RCSB,HALTON RCSSB
NORWEST COMMUNITY HEALTH CENTRES,NORWEST COMMUNITY HEALTH CENTRE
QUEST COMMUNITY HEALTH CENTRE,NORWEST COMMUNITY HEALTH CENTRE
CIRCLE OF HOMECARE SERVICES (TORONTO),CIRCLE OF HOME CARE SERVICES TO
CIRCLE OF HOME CARE SERVICES TORONTO,CIRCLE OF HOME CARE SERVICES TO
CIRCLE OF HOME CARE SRVCS (TORONTO),CIRCLE OF HOME CARE SERVICES (TORONTO)
CIRCLE OF CARE SERVICES TORONTO,CIRCLE OF HOME CARE SERVICES (TORONTO)
CONSEIL SCOLAIRE DE DISTRICT CATHOLIQUE DES AURORES BORÉALES,CONSEIL SCOLAIRE DE DISTRICT CATHOLIQUE DES AURORES BORÃ©ALES
,
,
TOWNSHIP OF TAY,TOWNSHIP OF TINY
BELLEVILLE AND QUINTE WEST COMMUNITY HEALTH CARE,BELLEVILLE AND QUINTE WEST COMMUNITY HEALTH CENTRE
CHILDREN'S AID SOCIETY OF SIMCOE,CHILDREN'S AID SOCIETY OF SIMCOE COUNTY
RENFREW COUNTY AND DISTRICT HLTH UNIT,RENFREW COUNTY AND DISTRICT HEALTH UNIT
RENFREW COUNTY AND DIST HEALTH UNIT,RENFREW COUNTY AND DISTRICT HEALTH UNIT
RENFREW COUNTY AND DIST HLTH UNIT,RENFREW COUNTY AND DISTRICT HEALTH UNIT
HAMILTON NIAGARA HALDIMAND BRANTCCAC,HAMILTON NIAGARA HALDIMAND BRANT CCAC
,
CANADIAN MENTAL HEALTH ASSOCIATION OTTAWA BRANCH,CANADIAN MENTAL HEALTH ASSOCIATION OTTAWA
,
RED LAKE MARGARET COCHENOUR MEMORIAL HOSP,RED LAKE MARGARET COCHENOUR MEMORIAL HOSPITAL
CANADIAN HEARING SOCIETY,CANADIAN HEARING SOCIETY THE
COUNCIL OF MINISTERS OF EDUCATION CANADA (CCMEC),COUNCIL OF MINISTERS OF EDUCATION CANADA
THE KENSINGTON HEALTH CENTRE,KENSINGTON HEALTH CENTRE
THE CENTRE FOR INTERNATIONAL GOVERNANCE INNOVATION,CENTRE FOR INTERNATIONAL GOVERNANCE INNOVATION
PERLEY AND RIDEAU VETERANS' HEALTH CTR,PERLEY AND RIDEAU VETERANS' HEALTH CENTRE
THE PERLEY AND RIDEAU VETERANS' HEALTH CENTRE,THE PERLEY AND RIDEAU VETERANS' HLTH CTR
PERLEY AND RIDEAU VETERANS' HLTH CTR,PERLEY AND RIDEAU VETERAN'S HLTH CENT
PERLEY AND RIDEAU VETERANS HLTH CTR,PERLEY AND RIDEAU VETERAN'S HLTH CENT
CAS UNITED COUNTIES OF STORMONT DUNDAS AND GLENGARRY,UNITED COUNTIES OF STORMONT DUNDAS AND GLENGARRY
THE UNTD COUNTIES OF STORMONT DUNDAS AND GLENGARRY,UNITED COUNTIES OF STORMONT DUNDAS AND GLENGARRY
CHATHAM KENT COMMUNITY HEALTH CENTRES,CHATHAMKENT COMMUNITY HEALTH CENTRES
CHATHAMKENT COMMUNITY HEALTH CENTRE,CHATHAMKENT COMMUNITY HEALTH CENTRES
KENORARAINY RIVER DISTRICT CHILD AND FAMILY SERVICES,KENORARAINY RIVER DISTRICTS CHILD AND FAMILY SERVICES
SIMCOE MUSKOKA RCDSB,SIMCOE MUSKOKA CDSB
CSD DU CENTRE SUDOUEST,CSD DE CENTRE SUDOUEST
CSD CENTRE SUDOUEST,CSD DE CENTRE SUDOUEST
TOWN OF PERRY SOUND,TOWN OF PARRY SOUND
THE DISTRICT OF PARRY SOUND SOCIAL SERVICES ADMINISTRATION BOARD,DISTRICT OF PARRY SOUND SOCIAL SERVICES ADMINISTRATION BOARD
THE CORPORATION OF MASSEY HALL AND ROY THOMSON HALL,CORPORATION OF MASSEY HALL AND ROY THOMPSON HALL
COSTIIIAS IMMIGRANT SERVICES,COSTI IMMIGRANT SERVICES
COSTA IIAS IMMIGRANT SERVICES,COSTI IMMIGRANT SERVICES
COSTI IIAS IMMIGRANT SERVICES,COSTI IMMIGRANT SERVICES
PROVIDENCE CONTINUING CARE CTR,PROVIDENCE CONTINUING CARE CENTRE
REGION OF OTTAWACARLTON,REGION OF OTTAWACARLETON
COTA HLTH,COTA HEALTH
HÔPITAL GÉNÉRAL DE HAWKESBURY AND DIST GEN HOSP,HÔPITAL GÉNÉRAL DE HAWKESBURY AND DIST GH
HARROW HEALTH CENTRE,HARROW HEALTH CENTRE INC
PEDIATRIC ONCOLOGY OF ONTARIO,PEDIATRIC ONCOLOGY GROUP OF ONTARIO
CANADIAN MENTAL HEALTH ASSOCIATION WATERLOO WELLINGTON,CANADIAN MENTAL HEALTH ASSOCIATION WATERLOO REGION
CANADIAN MENTAL HEALTH ASSOCIATION WATERLOO WELLINGTON DUFFERIN BRANCH,CANADIAN MENTAL HEALTH ASSOCIATION WATERLOO WELLINGTON BRANCH
CANADIAN MENTAL HEALTH ASSOCIATION WATERLOO WELLINGTON DUFFERIN,CANADIAN MENTAL HEALTH ASSOCIATION WATERLOO WELLINGTON BRANCH
SERVICES DE SANTÉ DE CHAPLEAU HEALTH SERVICES,SERVICES DE SANTÃ© DE CHAPLEAU HEALTH SERVICES
SERVICES DE SANTE DE CHAPLEAU HEALTH SERVICES,SERVICES DE SANTÃ© DE CHAPLEAU HEALTH SERVICES
ANISHINABEK POLICE SERVICES,ANISHINABEK POLICE SERVICE
ANISHINBEK POLICE SERVICES,ANISHINABEK POLICE SERVICE
MUNICIPALITY OF PORT HOPE POLICE SERVICES BOARD,MUNICIPALITY OF PORT HOPE POLICE SERVICE BOARD
DAVENPORTPERTH NEIGHBOURHOOD AND COMMUNITY HEALTH CENTER,DAVENPORTPERTH NEIGHBOURHOOD AND COMMUNITY HEALTH CENTRE
METRO TORONTO CONVENTION CTR,METRO TORONTO CONVENTION CTR CORP
METROPOLITAN TORONTO CONVENTION CENTRE,METRO TORONTO CONVENTION CENTRE
LE CENTRE DE SANTÃ© COMMUNAUTAIRE DE L'ESTRIE ONTARIO,CENTRE DE SANTE COMMUNAUTAIRE DE L'ESTRIE ONTARIO
CENTRE DE SANTE COMMUNAUTAIRE DE L'ESTRIE,CENTRE DE SANTÉ COMMUNAUTAIRE DE L'ESTRIE
CITY OF TORONTO THE TORONTO ZOO,CITY OF TORONTO TORONTO ZOO
ONT NORTHLAND TRANSPORT COMM,ONTARIO NORTHLAND TRANSPORT COMM
MCMICHAEL CDN ART COLLECTION,MCMICHAEL CANADIAN ART COLLECTION
CANADIAN MENTAL HEALTH ASSOCIATION ONTARIO,CANADIAN MENTAL HEALTH ASSOCIATION OTTAWA
PETERBOROUGH COUNTY CITY HEALTH UNIT,PETERBOROUGH COUNTYCITY HEALTH UNIT
PETERBOROUGH COUNTYCITY HLTH UNIT,PETERBOROUGH COUNTYCITY HEALTH UNIT
INTEGRITY COMMISSION,INTEGRITY COMMISSIONER
FAMILY HEALTH TEAM OF HAMILTON,FAMILY HEALTH TEAM OF HAMILTON INC
REGIONAL MUNICIPALITY OF YORK RAPID TRANSIT CORP,REGIONAL MUNICIPALITY OF YORK RAPID TRANSIT
GRAND BEND COMMUNITY HEALTH CENTRE,GRAND RIVER COMMUNITY HEALTH CENTRE
LAKESHORE AREA MULTISERVICE PROJECT (LAMP),LAKESHORE AREA MULTISERVICE PROJECT
LAKESHORE AREA MULTISERVICE PROJECT (LOMP),LAKESHORE AREA MULTISERVICE PROJECT
HOPITAL DE MATTAWA HOSPITAL INC,HÔPITAL DE MATTAWA HOSPITAL
HÔPITAL DE MATTAWA HOSPITAL INC,HÔPITAL DE MATTAWA HOSPITAL
ACCESSIBLE COMMUNITY COUNSELLING AND EMPLOYMENT SERVICES,(ACCES) ACCESSIBLE COMMUNITY COUNSELLING AND EMPLOYMENT SERVICES
SOUTH EAST GREY COMMUNITY HEALTH CENTRE,SOUTHEAST GREY COMMUNITY HEALTH CENTRE
,
NIPIGON DISTRICT MEMORIAL HOSP,NIPIGON DISTRICT MEMORIAL HOSPITAL
TORONTO INTERNATIONAL FILM FESTIVAL,TORONTO INTERNATIONAL FILM FESTIVAL INC
THE CANADIAN MENTAL HEALTH ASSOCIATION TORONTO BRANCH,CANADIAN MENTAL HEALTH ASSOCIATION TORONTO BRANCH
CANADIAN MENTAL HEALTH ASSOCIATION TORONTO,CANADIAN MENTAL HEATLH ASSOCIATION METRO TORONTO
ALEXANDRA HOSPITAL INGERSOLL,THE ALEXANDRA HOSPITAL INGERSOLL
EARLSCOURT CRECHE CHILD DEVELOPMENT INSTITUTE,EARLSCOURTCRECHE CHILD DEVELOPMENT INSTITUTE
EARSCOURTCRECHE CHILD DEVELOPMENT INSTITUTE,EARLSCOURTCRECHE CHILD DEVELOPMENT INSTITUTE
,
,
CHILDREN'S AID SOCIETY OF WINDSOR ESSEX,CHILDREN'S AID SOCIETY OF WINDSORESSEX
MANITOUWADGE GENERAL HOSP,MANITOUWADGE GENERAL HOSPITAL
WELLINGTON RCDSB,WELLINGTON CDSB
DELHI FAMILY HEALTH TEAM INC,DELHI FAMILY HEALTH TEAM
GUELPH FAMILY HEALTH TEAM,DELHI FAMILY HEALTH TEAM
EQUIPE DE SANTÉ FAMILIALE COMMUNAUTAIRE DE L'EST D'OTTAWA,EQUIPE DE SANTE FAMILIALE COMMUNAUTAIRE DE L'EST D'OTTAWA
EQUIPE DE SANTÃ© FAMILIALE COMMUNAUTAIRE DE L'EST D'OTTAWA,EQUIPE DE SANTE FAMILIALE COMMUNAUTAIRE DE L'EST D'OTTAWA
CHILDREN'S AID SOCIETY OF KAWARTHAHALIBURTON,CHILDREN'S AID SOCIETY OF KAWARTHA HALIBURTON
SOUTHERN ONTARIO LIBRARY SERVICES,SOUTHERN ONTARIO LIBRARY SERVICE
,
BELLWOODS CENTRES FOR COMMUNITY LIVING,BELLWOODS CENTRES FOR COMM LIVING