,0
PROFESSORS,PROFESSOR
PROFESSORMD,PROFESSOR
VPPROFESSOR,PROFESSOR
CONSTABLEE,CONSTABLE
CONTSTABLE,CONSTABLE
REGISTERED NURSE',REGISTERED NURSE
REGESTERED NURSE,REGISTERED NURSE
RERISTERED NURSE,REGISTERED NURSE
REGISTER NURSE,REGISTERED NURSE
OR REGISTERED NURSE,REGISTERED NURSE
ASSOCIATEÂ PROFESSOR,ASSOCIATE PROFESSOR
PROFESSOR ; ASSOCIATE,ASSOCIATE PROFESSOR
ASSOCIATE PROFESSORS,ASSOCIATE PROFESSOR
ASSOCIATE PROFESSORMD,ASSOCIATE PROFESSOR
ASSOCIATE PROFESSOR MD,ASSOCIATE PROFESSOR
VICE PRINCIPALS,VICE PRINCIPAL
VIVE PRINCIPAL,VICE PRINCIPAL
ASSISTANT PROFESSORMD,ASSISTANT PROFESSOR
ASSISTANT PROCESSOR,ASSISTANT PROFESSOR
ASSISTANT PROFESSOR MD,ASSISTANT PROFESSOR
ASSISTANT PROFESSOR LAW,ASSISTANT PROFESSOR
ASSISTANT DEANPROFESSOR,ASSISTANT PROFESSOR
ASISTANT CROWN ATTORNEY,ASST CROWN ATTORNEY
ASSISTANT CROWN ATTORNEY (DES),ASSISTANT CROWN ATTORNEY
ENFORCEMENT OFFICER,LAW ENFORCEMENT OFFICER
OFFICER ENFORCEMENT,LAW ENFORCEMENT OFFICER
FIREFIGHTER OPERATIONS,FIREFIGHTER OPERATION
FACULTY MEMBERS,FACULTY MEMBER
MANAGERS,MANAGER
MANAGE,MANAGER
MANGER,MANAGER
STAFF SERGANT,STAFF SERGEANT
STAFF SARGEANT,STAFF SERGEANT
STAFF SERGEANT I,STAFF SERGEANT
STAFF SERGEANT 2,STAFF SERGEANT
STAFF SERGEANT II,STAFF SERGEANT
DIRECTOR EXECUTIVE,EXECUTIVE DIRECTOR
EXECTIVE DIRECTOR,EXECUTIVE DIRECTOR
EXCUTIVE DIRECTOR,EXECUTIVE DIRECTOR
EXECUTIVE DRECTOR,EXECUTIVE DIRECTOR
EXECUTVE DIRECTOR,EXECUTIVE DIRECTOR
SENIOR TECHNICAL ENGINEER OFFICER,SENIOR TECHNICAL ENGINEEROFFICER
SENIOR ENGINEER TECHNICAL OFFICER,SENIOR TECHNICAL ENGINEEROFFICER
SENIOR ENGINEER TECHNICAL OFFICER EP,SENIOR TECHNICAL ENGINEEROFFICER
SENIOR ENGINEER TECHNICAL OFFICER CSM,SENIOR TECHNICAL ENGINEEROFFICER
SENIOR TECHNICAL ENGOFFICER,SENIOR TECHNICAL ENGINEEROFFICER
NURSE PRACTITONER,NURSE PRACTITIONER
NURSE PRATITIONER,NURSE PRACTITIONER
NURSE PRACITIONER,NURSE PRACTITIONER
NURSE PRACTITIIONER,NURSE PRACTITIONER
NURSE PRACTITIONERS,NURSE PRACTITIONER
REGIONAL MAINTAINER II LINES,REGIONAL MAINTAINER I LINES
REGIONAL MAINTAINERS I LINES,REGIONAL MAINTAINER I LINES
REGIONAL MAINTAINER LINES IMPR,REGIONAL MAINTAINER LINES IMPROVER
REGIONAL MAINTAINER LINES UT,REGIONAL MAINTAINER LINES UTS
REGIONAL MAINTAINER LINES UTS 2,REGIONAL MAINTAINER LINES UTS
PHARMACISTE,PHARMACIST
PHARMASCIST,PHARMACIST
PHARMACIST 1,PHARMACIST
PHARMACIST 2,PHARMACIST
PHARMACIST 3,PHARMACIST
PARAMEDIC ADVANCED CARE,ADVANCED CARE PARAMEDIC
ADVANCE CARE PARAMEDIC,ADVANCED CARE PARAMEDIC
PARAMEDIC ADVANCE CARE,ADVANCED CARE PARAMEDIC
ADVANCE CARE PARAMEDIC P2,ADVANCED CARE PARAMEDIC
CAPTAIN OPERATIONS,CAPTAIN OPERATION
DETECTIVE CONSTABLE 3,DETECTIVE CONSTABLE
DETECTIVE CONSTABLE ICE,POLICE DETECTIVE CONSTABLE
SUPTERINTENDENT,SUPERINTENDENT
SUPERINTENDANT,SUPERINTENDENT
SUPERINTENEDNT,SUPERINTENDENT
SUPERINTENDENTCEO,SUPERINTENDENT
SUPERINTENDENTPCO,SUPERINTENDENT
TEAM LEADED,TEAM LEADER
TEAM LEAD,TEAM LEADER
INVESTIGATOR I,INVESTIGATOR
INVESTIGATOR 1,INVESTIGATOR
CEO`,CEO
INSPECTOR I,INSPECTOR
CHIEF ADMINISTRATIVE OFFICE,CHIEF ADMINISTRATIVE OFFICER
CHIEF ADMINSTRATIVE OFFICER,CHIEF ADMINISTRATIVE OFFICER
CHIEF ADMINISTRATIVE OFFICIER,CHIEF ADMINISTRATIVE OFFICER
CHIEF ADMINISTRATRIVE OFFICER,CHIEF ADMINISTRATIVE OFFICER
CHIEF ADMINISTRATIVE OFFICR,CHIEF ADMINISTRATIVE OFFICER
MECHANICAL TECHNICIAN TECHNOLOGIST,MECHANICAL TECHNICIANTECHNOLOGIST
PATHOLOGISTE,PATHOLOGIST
PAHOLOGIST,PATHOLOGIST
MANAGER PROJECT,PROJECT MANAGER
MANAGER PROJECTS,PROJECT MANAGER
PROJECT MANAGERS,PROJECT MANAGER
PROJECTS MANAGER,PROJECT MANAGER
PROJECT MANAGER I,PROJECT MANAGER
FIREFIGHTER FIRST CLASS,FIRST CLASS FIREFIGHTER
FIRST CLASS FIREFIGHER,FIRST CLASS FIREFIGHTER
FIRST CLAS FIREFIGHTER,FIRST CLASS FIREFIGHTER
FRIST CLASS FIREFIGHTER,FIRST CLASS FIREFIGHTER
FIRST CLASS FIGHTER,FIRST CLASS FIREFIGHTER
SERGEANT DETECTIVE,DETECTIVE SERGEANT
DETECTIVE (SERGEANT),DETECTIVE SERGEANT
DETECTIVESERGEANT,DETECTIVE SERGEANT
SERGEANT DETECTIVE I,DETECTIVE SERGEANT
DETECTIVE SARGEANT,DETECTIVE SERGEANT
CONSTABLE FIRST CLASS,FIRST CLASS CONSTABLE
CAPTAIN FIRE,FIRE CAPTAIN
CAPTAINFIRE,FIRE CAPTAIN
FIRE CAPITAN,FIRE CAPTAIN
PARAMEDIC PRIMARY CARE,PRIMARY CARE PARAMEDIC
PRIMARY CARE PARAMEDIC P1,PRIMARY CARE PARAMEDIC
PRIMARY CARE PARAMEDIC IV,PRIMARY CARE PARAMEDIC
PSYCHOLOGISTE,PSYCHOLOGIST
PSYSCHOLOGIST,PSYCHOLOGIST
PSYCHOLOGIST 1,PSYCHOLOGIST
PSYCHOLOGIST I,PSYCHOLOGIST
PHYCHOLOGIST,PSYCHOLOGIST
ELECTRICAL AND CONTROL TECHNICIAN TECHNOLOGIST,ELECTRICAL AND CONTROL TECHNICIANTECHNOLOGIST
SUPERVISING NUCLEAR OPERATORFIRST LINE MANAGER ASSISTANT,SUPERVISING NUCLEAR OPERATOR FIRST LINE MANAGER ASSISTANT
DEPARTMENT HEAD A,DEPARTMENT HEAD
DEPARTMENT HEAD B,DEPARTMENT HEAD
PSYCHATRIST,PSYCHIATRIST
PSYCHIATRIST2,PSYCHIATRIST
PSYCHIATRIST 2,PSYCHIATRIST
PSYCHIATRIST 3,PSYCHIATRIST
PSYCHIATRIST 1,PSYCHIATRIST
INVESTIGATOR ENQUÊTEUR,INVESTIGATOR ENQUÃªTEUR
INVESTIGATOR ENQUÃªTEUSE,INVESTIGATOR ENQUÃªTEUR
INVESTIGATOR ENQUÊTEUSE,INVESTIGATOR ENQUÃªTEUR
TEAM LEADER CHEF D'ÉQUIPE,TEAM LEADER CHEF D'Ã©QUIPE
TEAM LEADER CHEF D'ÃQUIPE,TEAM LEADER CHEF D'Ã©QUIPE
TEAM LEAD CHEF D'Ã©QUIPE,TEAM LEADER CHEF D'Ã©QUIPE
TEAM LEAD CHEF D'ÉQUIPE,TEAM LEADER CHEF D'Ã©QUIPE
TEAM LEADER CHEF D'ÉQUIPEER,TEAM LEADER CHEF D'Ã©QUIPE
ELEMENTARY CHAIR,CHAIR ELEMENTARY
CEO AND PRESIDENT,PRESIDENT AND CEO
PRESIDENT AND COO,PRESIDENT AND CEO
PRESIDENT AND CFO,PRESIDENT AND CEO
PRESIDENT AND CEOOHI,PRESIDENT AND CEO
INSTUCTOR,INSTRUCTOR
COUNSEL LEGAL,LEGAL COUNSEL
LEGAL COUNCEL,LEGAL COUNSEL
LEGAL COUNSEL II,LEGAL COUNSEL
SR LEGAL COUNSEL,LEGAL COUNSEL
LEGAL COUNSELLOR,LEGAL COUNSEL
PLATOON CHIEF B,PLATOON CHIEF
PLATOON CHIEF C,PLATOON CHIEF
PLATOON CHIEF A,PLATOON CHIEF
PLATOON CHIEF D,PLATOON CHIEF
PLATOON CHIEF 1,PLATOON CHIEF
TEACHER SECONDARY DEPARTMENT HEAD,SECONDARY TEACHER DEPARTMENT HEAD
SECONDARY DEPARTMENT HEAD TEACHER,SECONDARY TEACHER DEPARTMENT HEAD
DEPARTMENT HEAD SECONDARY TEACHER,SECONDARY TEACHER DEPARTMENT HEAD
FIREFIGHTER 1ST CLASS,1ST CLASS FIREFIGHTER
FIREFIGHTER 5TH CLASS,1ST CLASS FIREFIGHTER
FIREFIGHTER 4TH CLASS,1ST CLASS FIREFIGHTER
SUPERINTENDENT OF EDUCATIION,SUPERINTENDENT OF EDUCATION
SUPERINTENDENT OF EDUCATION HR,SUPERINTENDENT OF EDUCATION
SUPERINTENDENT EDUCATION,SUPERINTENDENT OF EDUCATION
EDUCATION SUPERINTENDENT,SUPERINTENDENT OF EDUCATION
SUPERINDENTENT OF EDUCATION,SUPERINTENDENT OF EDUCATION
COUNSEL AVOCAT,COUNSEL AVOCATE
DETECTIVE CONSTABLE POLICE,POLICE DETECTIVE CONSTABLE
CONSTABLE DETECTIVE OFFICE,POLICE DETECTIVE CONSTABLE
VICE PRESIDENTCFO,VICE PRESIDENT
SR VICE PRESIDENT,VICE PRESIDENT
VICE PRESIDENT HR,VICE PRESIDENT
VICE PRESIDENTCIO,VICE PRESIDENT
VICE PRESIDENTCNO,VICE PRESIDENT
PROFESSORPROFESSEURE,PROFESSORPROFESSEUR
PROFESSORPROFESSOR,PROFESSORPROFESSEUR
DIRECTION D'ÉCOLE,DIRECTION D'Ã©COLE
DIRECTION D'ÃCOLE,DIRECTION D'Ã©COLE
DIRECTION D'ÉCOLES,DIRECTION ÉCOLE
DIRECTION D'Ã©COLES,DIRECTION ÉCOLE
DIRECTION Ã©COLE,DIRECTION D'Ã©COLE
MECH MAINTAINER JOURNEYPERSON,MECHANICAL MAINTAINER JOURNEYPERSON
SENIOR ENGINEERSCIENTISTTECHNICAL OFFI,SENIOR ENGINEERSCIENTISTTECHNICAL OFFICER
SENIOR ENGINEERSCIENTISTTECH OFFICER,SENIOR ENGINEERSCIENTISTTECHNICAL OFFICER
SENIOR ENGINEERSCIENTISTTECHNOLOGY OFFICER,SENIOR ENGINEERSCIENTISTTECHNICAL OFFICER
SENIOR ENGINEERSCIENTISTTECH OFFCR,SENIOR ENGINEERSCIENTISTTECHNICAL OFFICER
HUMAN RESOURCES DIRECTOR,DIRECTOR OF HUMAN RESOURCES
DIRECTOR (HUMAN RESOURCES),DIRECTOR OF HUMAN RESOURCES
DIRECTORHUMAN RESOURCES,DIRECTOR OF HUMAN RESOURCES
HUMAN RESOURCE DIRECTOR,DIRECTOR HUMAN RESOURCES
DIRECTOR HUMAN RESOURCE,DIRECTOR HUMAN RESOURCES
SHIFT OPERATING SUPERVISOR,FIELD SHIFT OPERATING SUPERVISOR
SOLICITOR 2,SOLICITOR 1
SOLICITOR 3,SOLICITOR 1
SOLICITOR 4,SOLICITOR 1
SOLICITOR,SOLICITOR 1
SR PROVINCIAL JUDGE,PROVINCIAL JUDGE
FIRE FIGHTER FIRST CLASS,FIRST CLASS FIRE FIGHTER
FIRE FIGHTERS FIRST CLASS,FIRST CLASS FIRE FIGHTER
SENIOR ADVISOR POLICY,SENIOR POLICY ADVISOR
SENIOR TAX POLICY ADVISOR,SENIOR POLICY ADVISOR
SENIOR POLICY ADVISOR AIR,SENIOR POLICY ADVISOR
SENIOR POLICY ADVISOR OSC,SENIOR POLICY ADVISOR
PRINCIPAL ELEMENTARY SCHOOL,ELEMENTARY SCHOOL PRINCIPAL
ELEMENTARY SCHOOL VICE PRINCIPAL,ELEMENTARY SCHOOL PRINCIPAL
VICE PRINCIPAL ELEMENTARY SCHOOL,ELEMENTARY SCHOOL PRINCIPAL
MANAGER CLINICAL,CLINICAL MANAGER
CLINICAL MANAGER 2,CLINICAL MANAGER
CLINIC MANAGER,CLINICAL MANAGER
MANAGER CLINIC,CLINICAL MANAGER
PROFESSOR PROFESSEUR,PROFESSEUR PROFESSOR
PROFESSEURE PROFESSOR,PROFESSEUR PROFESSOR
PROFESSEURPROFESSOR,PROFESSEUR PROFESSOR
PROFESSEUREPROFESSOR,PROFESSEUR PROFESSOR
PROFESSEUR PROFESSORAL,PROFESSEUR PROFESSOR
PARAMEDIC LEVEL 3,PARAMEDIC LEVEL 1
PARAMEDIC LEVEL 2,PARAMEDIC LEVEL 1
PROJECT MANAGER (SENIOR),SENIOR PROJECT MANAGER
MANAGER PROJECTS SENIOR,SENIOR PROJECT MANAGER
SENIOR MANAGER PROJECTS,SENIOR PROJECT MANAGER
SENIOR PROJECTS MANAGER,SENIOR PROJECT MANAGER
SENIOR PROJECT MANAGER (P,SENIOR PROJECT MANAGER
CROWN COUNSEL 4,CROWN COUNSEL
CROWN COUNCEL,CROWN COUNSEL
PROFESSOR EDUCATION,PROFESSOR OF EDUCATION
FULL PROFESSOR EDUCATION,PROFESSOR OF EDUCATION
CONTOLLER,CONTROLLER
FIRE FIGHTER 1ST CLASS,1ST CLASS FIRE FIGHTER
FIRE FIGHTERS 1ST CLASS,1ST CLASS FIRE FIGHTER
CAPTAIN (FIRE SUPPRESSION),CAPTAIN FIRE SUPPRESSION
FIRE CAPTAIN SUPPRESSION,CAPTAIN FIRE SUPPRESSION
FIRE SUPPRESSION CAPTAIN,CAPTAIN FIRE SUPPRESSION
FIRE CAPTAIN AND SUPPRESSION,CAPTAIN FIRE SUPPRESSION
FIRE CAPTAIN FIRE SUPPRESSION,CAPTAIN FIRE SUPPRESSION
CHIEF FIRE,FIRE CHIEF
PHYSICIAN LABORATORY,LABORATORY PHYSICIAN
SCIENTIST (SENIOR),SENIOR SCIENTIST
PRESIDENTE,PRESIDENTCEO
PRÉSIDENT,PRESIDENT
RESIDENT,PRESIDENT
PRÃ©SIDENT,PRESIDENT
OFFICER FIRE PREVENTION,FIRE PREVENTION OFFICER
PREVENTION FIRE OFFICER,FIRE PREVENTION OFFICER
PREVENTION OFFICER FIRE,FIRE PREVENTION OFFICER
FIRE FIRE PREVENTION OFFICER,FIRE PREVENTION OFFICER
FIRE PREVENTION OFF,FIRE PREVENTION OFFICER
COORDINATOR 2,COORDINATOR
INSPECTION AND MAINTENANCE TECHNICIAN I,INSPECTION AND MAINTENANCE TECHNICIAN
INSPECTION AND MAINTENANCE TECHNICIAN II,INSPECTION AND MAINTENANCE TECHNICIAN
SENIOR INSPECTION AND MAINTENANCE TECHNICIAN,INSPECTION AND MAINTENANCE TECHNICIAN
INSPECTION AND MAINTENANCE TECH,INSPECTION AND MAINTENANCE TECHNICIAN
INSPECTION AND MAINTENANCE TECHNICIAN TRAINEE,INSPECTION AND MAINTENANCE TECHNICIAN
OPERATONAL MANAGER,OPERATIONAL MANAGER
OPERATION MANAGER,OPERATIONAL MANAGER
MANAGER OPERATION,OPERATIONAL MANAGER
OPERATIONS MANAGER,OPERATIONAL MANAGER
MANAGER OPERATIONS,OPERATIONAL MANAGER
ASSOCIATE DEANOAC,ASSOCIATE DEAN
REGIONAL MAINTAINER ELECTRICAL,REGIONAL MAINTAINER 1 ELECTRICAL
REGIONAL MAINTAINER I ELECTRICAL,REGIONAL MAINTAINER 1 ELECTRICAL
REGIONAL MAINTAINER ELECTRIC,REGIONAL MAINTAINER 1 ELECTRICAL
REGIONAL MAINTAINER II ELECTRICAL,REGIONAL MAINTAINER 1 ELECTRICAL
REGIONAL MAINTAINER ELECTRICAL UTS 2,REGIONAL MAINTAINER 1 ELECTRICAL
INFIRMIÃ¨RE AUTORISÃ©E REGISTERED NURSE,REGISTERED NURSE INFIRMIÈRE AUTORISÉE
INFIRMIÈRE AUTORISÉE REGISTERED NURSE,REGISTERED NURSE INFIRMIÈRE AUTORISÉE
NURSE REGISTERED INFIRMIÃ¨RE AUTORISÃ©E,REGISTERED NURSE INFIRMIÈRE AUTORISÉE
REGISTERED NURSE INFIRMIÃ¨RE AUTORISEÃ©,REGISTERED NURSE INFIRMIÈRE AUTORISÉE
REGISTERED NURSE INFIRMIÃ©RE AUTORISÃ©E,REGISTERED NURSE INFIRMIÈRE AUTORISÉE
PROJECT TECHNICIAN ELECTRICAL AND CONTROL FIRST LINE MANAGER ASSISTANT,ELECTRICAL AND CONTROL TECHNICIAN FIRST LINE MANAGER ASSISTANT
ELECTRICAL AND CONTROL TECHNICIANFIRST LINE MANAGER ASSISTANT,ELECTRICAL AND CONTROL TECHNICIAN FIRST LINE MANAGER ASSISTANT
PROJECT TECHNICIAN MECHANICAL FIRST LINE MANAGER ASSISTANT,MECHANICAL TECHNICIAN FIRST LINE MANAGER ASSISTANT
MANAGER PROGRAM,PROGRAM MANAGER
MANAGER PROGRAMS,PROGRAM MANAGER
PROGAM MANAGER,PROGRAM MANAGER
IT PROGRAM MANAGER,PROGRAM MANAGER
PROGRAMMES MANAGER,PROGRAM MANAGER
MANAGER PATIENT CARE,PATIENT CARE MANAGER II
PATIENT CARE MANAGER I,PATIENT CARE MANAGER II
PATIENT CARE MANAGER 2,PATIENT CARE MANAGER
PATIENT CARE MANAGER 1,PATIENT CARE MANAGER
PATIENT CARE MANAGER 3,PATIENT CARE MANAGER
CHEFMANAGER,MANAGER CHEF
ASSISTANT PROFESSOR PROFESSEUR(E) ADJOINT(E),PROFESSEUR(E) ADJOINT(E) ASSISTANT PROFESSOR
DIRECTOR OF EDUCTION,DIRECTOR OF EDUCATION
DIRECTOR OF EDUATION,DIRECTOR OF EDUCATION
DIRECTOR EDUCATION,DIRECTOR OF EDUCATION
BUSS OPERATOR,BUS OPERATOR
DEPUTY CHIEF FIRE,DEPUTY FIRE CHIEF
FIRE DEPUTY CHIEF,DEPUTY FIRE CHIEF
DEPUTY FIRE CHIEFOPS,DEPUTY FIRE CHIEF
DEPUTY CHIEF OF FIRE,DEPUTY FIRE CHIEF
DEP FIRE CHIEF,DEPUTY FIRE CHIEF
DISTRICT CHIEF VOL OPERATIONS,DISTRICT CHIEF OPERATIONS
CROWN ATTORNEY 5,CROWN ATTORNEY
CHIEF INFORMATION OFFICE,CHIEF INFORMATION OFFICER
CHIEF INFORMAITON OFFICER,CHIEF INFORMATION OFFICER
CHIEF INFORMATIONAL OFFICER,CHIEF INFORMATION OFFICER
CFOCHIEF INFORMATION OFFICER,CHIEF INFORMATION OFFICER
ADMCHIEF INFORMATION OFFICER,CHIEF INFORMATION OFFICER
AUTHORIZED NUCLEAR OPERATOR IN TRAINING SUPERVISING NUCLEAR OPERATOR,AUTHORIZED NUCLEAR OPERATOR IN TRAINING NUCLEAR OPERATOR
LAW ENFORCEMENT OFFICER AGENTE D'EXÉCUTION DE LA LOI,LAW ENFORCEMENT OFFICER AGENT D'EXÉCUTION DE LA LOI
ANOIT SUPERVISING NUCLEAR OPERATOR,SUPERVISING NUCLEAR OPERATOR
COST AND SCHEDULING ANALYST,COST AND SCHEDULE ANALYST
DETECTIVE POLICE,POLICE DETECTIVE
OFFICER TRAINING,TRAINING OFFICER
TRAINING OFFICER EP,TRAINING OFFICER
REGIONAL MAINTAINER LINES UNION TRADES SUPERVISOR 2,REGIONAL MAINTAINER LINES UNION TRADES SUPERVISOR 3
REGIONAL MAINTAINER FORESTRY UNION TRADES SUPERVISOR 3,REGIONAL MAINTAINER LINES UNION TRADES SUPERVISOR 3
REGIONAL MAINTAINER FORESTRY UNION TRADES SUPERVISOR 2,REGIONAL MAINTAINER LINES UNION TRADES SUPERVISOR 3
REGIONAL MAINTAINER CIVIL UNION TRADES SUPERVISOR 2,REGIONAL MAINTAINER ELECTRICAL UNION TRADES SUPERVISOR 2
REGIONAL MAINTAINER ELECTRICAL UNION TRADES SUPERVISOR 3,REGIONAL MAINTAINER ELECTRICAL UNION TRADES SUPERVISOR 2
LIBRARIANS,LIBRARIAN
LIBRARIAN 2,LIBRARIAN
LIBRARIAN V,LIBRARIAN
LEADER PROJECTS,PROJECT LEADER
PROJECT LEADER 2,PROJECT LEADER
PROJECT LEAD,PROJECT LEADER
PROJECT LEADER II,PROJECT LEADER
DI PROJECT LEADER,PROJECT LEADER
FINANCE DIRECTOR,DIRECTOR OF FINANCE
DIRECTOR; FINANCE,DIRECTOR OF FINANCE
DIRECTOR (FINANCE),DIRECTOR OF FINANCE
DIRECTORFINANCE,DIRECTOR FINANCE
ADIRECTOR FINANCE,DIRECTOR FINANCE
COUNSELOR,COUNSELLOR
CLINICAL NURSE SPECIALIST II,CLINICAL NURSE SPECIALIST
HUMAN RESOURCES MANAGER,MANAGER HUMAN RESOURCES
MANAGER (HUMAN RESOURCES),MANAGER OF HUMAN RESOURCES
HUMAN RESOURCE MANAGER,MANAGER OF HUMAN RESOURCES
MANAGER HUMAN RESOURCE,MANAGER OF HUMAN RESOURCES
MANGER HUMAN RESOURCES,MANAGER HUMAN RESOURCES
SCIENTIST 4,SCIENTIST
SCIENTIST 3,SCIENTIST
SCIENTIST 1,SCIENTIST
SCIENTIST 2,SCIENTIST
SCIENTIST I,SCIENTIST
TECHNICAL ENGINEER OFFICER,TECHNICAL ENGINEEROFFICER
ENGINEER TECHNICAL OFFICER,TECHNICAL ENGINEEROFFICER
SR TECHNICAL ENGINEER OFFICER,TECHNICAL ENGINEEROFFICER
OPERATIONS SUPERINTENDENT,SUPERINTENDENT OPERATIONS
SUPERINTENDENT OF OPERATIONS,SUPERINTENDENT OPERATIONS
OPERATING SUPERINTENDENT,SUPERINTENDENT OPERATIONS
SUPERINTENDENT BUS OPERATIONS,SUPERINTENDENT OPERATIONS
SUPERINTENDENT RAIL OPERATIONS,SUPERINTENDENT OPERATIONS
REGISTERED NURSEINFIRMIÈRE AUTORISÉ,REGISTERED NURSEINFIRMIÈRE AUTORISÉE
REGISTERED NURSEINFIMIÃ¨RE AUTORISÃ©E,REGISTERED NURSEINFIRMIÈRE AUTORISÉE
REGISTERED NURSEINFIRMIERE AUTORISE,REGISTERED NURSEINFIRMIÈRE AUTORISÉE
REGISTERED NURSEINFIRMIÊRE AUTHORISÉ,REGISTERED NURSEINFIRMIÈRE AUTORISÉE
REGISTERED NURSEINFIRMIERE AUTORISEE,REGISTERED NURSEINFIRMIÈRE AUTORISÉE
DIRECTOR PROGRAM,PROGRAM DIRECTOR
DIRECTOR PROGRAMS,PROGRAM DIRECTOR
PROGRAMS DIRECTOR,PROGRAM DIRECTOR
PROGRAMME DIRECTOR,PROGRAM DIRECTOR
DIRECTOR PROGRAMME,PROGRAM DIRECTOR
SUPERVISEUR SUPERVISOR,SUPERVISOR SUPERVISEUR
SUPERVISOR SUPERVISEURE,SUPERVISOR SUPERVISEUR
SUPERVISEURSUPERVISOR,SUPERVISOR SUPERVISEUR
DIRECTO LEGAL SERVICES,DIRECTOR LEGAL SERVICES
DIRECTORLEGAL SERVICES,DIRECTOR LEGAL SERVICES
DIRECTOR OF LEGAL SERVICES,DIRECTOR LEGAL SERVICES
DIRECTOR LEGAL SERVS,DIRECTOR LEGAL SERVICES
DIRECTOR LEGAL SERVICES IPC,DIRECTOR LEGAL SERVICES
SERGEANT SERGENTE,SERGEANT SERGENT
SERGEANTSERGENT,SERGEANT SERGENT
DIRECTION ADJOINTE D'ÉCOLE,DIRECTION ADJOINTE D'Ã©COLE
DIRECTION ADJOINTE D'ÃCOLE,DIRECTION ADJOINTE D'Ã©COLE
DIRECTION D'Ã©COLE ADJOINTE,DIRECTION ADJOINTE D'Ã©COLE
DIRECTION D'ÉCOLE ADJOINTE,DIRECTION ADJOINTE D'Ã©COLE
DIRECTION ADJOINT D'ÉCOLE,DIRECTION ADJOINTE D'Ã©COLE
PROFESSOR DENTISTRY,PROFESSOR OF DENTISTRY
CHIEF OF POLICE (A),CHIEF OF POLICE
PRESIDING JUSTICE OF THE PEACE OCJ,PRESIDING JUSTICE OF THE PEACE
SITTING JUSTICE OF THE PEACE,PRESIDING JUSTICE OF THE PEACE
STAFF SERGEANT POLICE,POLICE STAFF SERGEANT
DIRECTOR DEPUTY,DEPUTY DIRECTOR
DEPUTY DIRECTOR IT,DEPUTY DIRECTOR
PROFESSOR ENGLISH,PROFESSOR OF ENGLISH
FULL PROFESSOR ENGLISH,PROFESSOR OF ENGLISH
CONSTABLE 1ST CLASS,1ST CLASS CONSTABLE
CONSTABLE CLASS 1,1ST CLASS CONSTABLE
PRESIDENTCAO,PRESIDENTCEO
PRESIDENTCOO,PRESIDENTCEO
PRESIDENTCFO,PRESIDENTCEO
PROFESSOR ECONOMICS,PROFESSOR OF ECONOMICS
PROFESSOR (ECONOMICS),PROFESSOR OF ECONOMICS
FULL PROFESSOR ECONOMICS,PROFESSOR OF ECONOMICS
SENIOR POLICY ADVISOR CONSEILLÈRE PRINCIPALE EN POLITIQUES,SENIOR POLICY ADVISOR CONSEILLÃ¨RE PRINCIPALE EN POLITIQUES
SENIOR POLICY ADVISORÂ Â CONSEILLÃ¨RE PRINCIPALE EN POLITIQUES,SENIOR POLICY ADVISOR CONSEILLÃ¨RE PRINCIPALE EN POLITIQUES
SENIOR POLICY ADVISOR CONSEILLER PRINCIPALE EN POLITIQUES,SENIOR POLICY ADVISOR CONSEILLÃ¨RE PRINCIPALE EN POLITIQUES
SENIOR POLICY ADVISOR CONSEILLER PRINCIPAL EN POLITIQUES,SENIOR POLICY ADVISOR CONSEILLÃ¨RE PRINCIPALE EN POLITIQUES
SENIOR POLICY ADVISOR CONSEILLÃ¨RE PRINCIPALE EN POLITIQUE,SENIOR POLICY ADVISOR CONSEILLÃ¨RE PRINCIPALE EN POLITIQUES
TEACHER SECONDARY SCHOOL,SECONDARY SCHOOL TEACHER
PROFESSOR OF PYSCHOLOGY,PROFESSOR OF PSYCHOLOGY
PROFESSOR PSYCHOLOGY,PROFESSOR OF PSYCHOLOGY
FULL PROFESSOR PSYCHOLOGY,PROFESSOR OF PSYCHOLOGY
SECONDARY CURRICULUM LEADER,CURRICULUM LEADER SECONDARY
CURRICULUM LEADER SECOND,CURRICULUM LEADER SECONDARY
PROFESSOR LAW,PROFESSOR OF LAW
ANALYST SENIOR FINANCIAL,SENIOR FINANCIAL ANALYST
SENIOR FINANCIAL TAX ANALYST,SENIOR FINANCIAL ANALYST
SOCIAL WORKER II,SOCIAL WORKER
PROFESSOR OF POLITICAL SCIENCES,PROFESSOR OF POLITICAL SCIENCE
PROFESSOR POLITICAL SCIENCE,PROFESSOR OF POLITICAL SCIENCE
FULL PROFESSOR POLITICAL SCIENCE,PROFESSOR OF POLITICAL SCIENCE
PROFESSOR POLITICAL SCIENCES,PROFESSOR OF POLITICAL SCIENCE
PROF OF POLITICAL SCIENCE,PROFESSOR OF POLITICAL SCIENCE
INSPECTOR POLICE,POLICE INSPECTOR
INSPECTORPOLICE,POLICE INSPECTOR
INSPECTOR OF POLICE,POLICE INSPECTOR
INSPECTOR II POLICE,POLICE INSPECTOR
GENERAL MANGER,GENERAL MANAGER
GENERAL MANAGERCNE,GENERAL MANAGER
GENERAL MANAGERCOO,GENERAL MANAGER
GENERAL MANAGERCEO,GENERAL MANAGER
CEOGENERAL MANAGER,GENERAL MANAGER
SENIOR COUNSEL OF LEGAL,SENIOR LEGAL COUNSEL
SENIOR LEGAL COUNSEL OSC,SENIOR LEGAL COUNSEL
SENIOR LEGAL COUNCIL,SENIOR LEGAL COUNSEL
SECONDARY DEPARTMENT HEAD,DEPARTMENT HEAD SECONDARY
DEPARTMENT HEADSECONDARY,DEPARTMENT HEAD SECONDARY
DIRECTOR OF FINANCES,DIRECTOR OF FINANCE
DIRECTOR I FINANCE,DIRECTOR OF FINANCE
ADMMINISTRATOR,ADMINISTRATOR
CEOADMINISTRATOR,ADMINISTRATOR
ADMINISTRATOR HR,ADMINISTRATOR
ADMINISTRATORCEO,ADMINISTRATOR
PROJECT MANAGER\CHEF DE PROJET,SENIOR PROJECT MANAGER CHEF DE PROJET
PROJECT MANAGER CHEF DE PROJETS,SENIOR PROJECT MANAGER CHEF DE PROJET
PROJECT MANAGER CHARGÉE DE PROJET,PROJECT MANAGER CHEF DE PROJET
PROJECT MANAGER PROJETS (CHEF),PROJECT MANAGER CHEF DE PROJET
PROJECT MANAGER CHARGÃ© DE PROJET,PROJECT MANAGER CHEF DE PROJET
PROFESSOR ELECTRICAL AND COMPUTER ENGINEERING,PROFESSOR OF ELECTRICAL AND COMPUTER ENGINEERING
PROF OF ELECTRICAL AND COMPUTER ENGINEERING,PROFESSOR OF ELECTRICAL AND COMPUTER ENGINEERING
PROFESSOR; HEAD ELECTRICAL AND COMPUTER ENGINEERING,PROFESSOR OF ELECTRICAL AND COMPUTER ENGINEERING
HEAD ELECTRICAL AND COMPUTER ENGINEERING; PROFESSOR,PROFESSOR OF ELECTRICAL AND COMPUTER ENGINEERING
PROFESSOR HEAD ELECTRICAL AND COMPUTER ENGINEERING,PROFESSOR OF ELECTRICAL AND COMPUTER ENGINEERING
CHIEF OPERATING OFFFICER,CHIEF OPERATING OFFICER
CHIEF OPERATION OFFICER,CHIEF OPERATING OFFICER
CHEIF OPERATING OFFICER,CHIEF OPERATING OFFICER
GMCHIEF OPERATING OFFICER,CHIEF OPERATING OFFICER
CHIEF OPERATIONS OFFICER,CHIEF OPERATING OFFICER
MANAGER EMERGENCY RESPONSE,SHIFT EMERGENCY RESPONSE MANAGER
TEAM MEMBER MEMBRE DE L'ÉQUIPE,TEAM MEMBER MEMBRE DE L'Ã©QUIPE
SR PROTECTION AND CONTROL TECHNOLOGIST,PROTECTION AND CONTROL TECHNOLOGIST
PROTECTION CONTROL TECHNOLOGIST,PROTECTION AND CONTROL TECHNOLOGIST
PROTECTION AND CONTROL TECHNOL,PROTECTION AND CONTROL TECHNOLOGIST
PROTECTION AND CONTROL TECHNOLOGIST TRAINEE,PROTECTION AND CONTROL TECHNOLOGIST
SUPV PROTECTION AND CNTRL TECHNOLOGIST,PROTECTION AND CONTROL TECHNOLOGIST
POLICE FIRST CLASS CONSTABLE,POLICE CONSTABLE FIRST CLASS
FIRST CLASS POLICE CONSTABLE,POLICE CONSTABLE FIRST CLASS
CONSTABLE FIRST CLASS POLICE,POLICE CONSTABLE FIRST CLASS
FIRST CLASS CONSTABLE POLICE,POLICE CONSTABLE FIRST CLASS
POLICE CONSTABLEFIRST CLASS,POLICE CONSTABLE FIRST CLASS
SR MEDICAL PHYSICIST,SENIOR MEDICAL PHYSICIST
DUPUTY CHIEF,DEPUTY CHIEF
AUDIOLOGIST,RADIOLOGIST
FIELD TRAINING OFFICER LEVEL 1,FIELD TRAINING OFFICER LEVEL 3
FIELD TRAINING OFFICER LEVEL 2,FIELD TRAINING OFFICER LEVEL 3
FIELD TRAINING OFFICER LEVEL,FIELD TRAINING OFFICER LEVEL 3
FIELD TRAINING OFFICE LEVEL 2,FIELD TRAINING OFFICER LEVEL 3
HEAD TEACHER ELEMENTARY SCHOOL,ELEMENTARY SCHOOL TEACHER
SENIOR TECHNICAL SUPPORT SPECIALIST,SENIOR TECHNICAL SUPPORT SPECIALIST 1
SENIOR TECHNICAL SPECIALIST SIMS,SENIOR TECHNICAL SPECIALIST
SENIOR TECHNICAL SPECIALIST: SIMS,SENIOR TECHNICAL SPECIALIST
PROFESSOR MATHEMATICS,PROFESSOR OF MATHEMATICS
PROFESSOR (MATHEMATICS),PROFESSOR OF MATHEMATICS
HEAD TEACHER,TEACHER HEAD
TEACHER LEAD,TEACHER HEAD
SUPERVISOR MAINTENANCE TRADES,TRADES SUPERVISOR MAINTENANCE
TRANSIT SUPERVISOR MAINTENANCE,TRADES SUPERVISOR MAINTENANCE
SR MEDICAL CONSULTANT,MEDICAL CONSULTANT
MEDICAL CONSULT,MEDICAL CONSULTANT
PROFESSOR PHYSICS,PROFESSOR OF PHYSICS
FULL PROFESSOR PHYSICS,PROFESSOR OF PHYSICS
PROFESOR OF COMPUTER SCIENCE,PROFESSOR OF COMPUTER SCIENCE
PROFESSOR COMPUTER SCIENCE,PROFESSOR OF COMPUTER SCIENCE
PROF OF COMPUTER SCIENCE,PROFESSOR OF COMPUTER SCIENCE
NURSE MANAGER,MANAGER NURSE
NURSE MANAGER 1,MANAGER NURSE
MANAGER II NURSE,MANAGER NURSE
SHIFT MANAGER 2,SHIFT MANAGER
SHIFT MANAGER B,SHIFT MANAGER
DIRECTEUR DIRECTOR,DIRECTOR DIRECTEUR
DIRECTEURDIRECTOR,DIRECTOR DIRECTEUR
DIRECTOR 1DIRECTEUR 1,DIRECTOR DIRECTEUR
DIRECTOR 2DIRECTEUR 2,DIRECTOR DIRECTEUR
DIRECTOR ADIRECTEUR A,DIRECTOR DIRECTEUR
PARAMÃ©DIC,PARAMEDIC
PARAMEDIC 2,PARAMEDIC
PARAMEDIC 1,PARAMEDIC
DIRECTOR (INFORMATION TECHNOLOGY),DIRECTOR INFORMATION TECHNOLOGY
INFORMATION TECHNOLOGY DIRECTOR,DIRECTOR INFORMATION TECHNOLOGY
DIRECTOR OF INFORMATION TECHNOLOGY,DIRECTOR INFORMATION TECHNOLOGY
DIRECTOR INFORMATION AND TECHNOLOGY,DIRECTOR INFORMATION TECHNOLOGY
DIRECTOR INFORMATION TECHNOLOGIES,DIRECTOR INFORMATION TECHNOLOGY
MANAGER GESTIONNAIRE,GESTIONNAIRE MANAGER
GESTIONNAIREMANAGER,GESTIONNAIRE MANAGER
MANAGER 2GESTIONNAIRE 2,GESTIONNAIRE MANAGER
MANAGER 1GESTIONNAIRE 1,GESTIONNAIRE MANAGER
MANAGER 3GESTIONNAIRE 3,GESTIONNAIRE MANAGER
PROFESSOR SOCIOLOGY,PROFESSOR OF SOCIOLOGY
FULL PROFESSOR SOCIOLOGY,PROFESSOR OF SOCIOLOGY
PROFESSOR OF ZOOLOGY,PROFESSOR OF SOCIOLOGY
NURSE PRACTITIONER INFIRMIÈRE PRATICIENNE,NURSE PRACTITIONER INFIRMIÃ¨RE PRATICIENNE
NURSE PRACTITIONER\INFIRMIÃ¨RE PRATICIENNE,NURSE PRACTITIONER INFIRMIÃ¨RE PRATICIENNE
NURSE PRACTITIONER\INFIRMIÈRE PRATICIENNE,NURSE PRACTITIONER INFIRMIÃ¨RE PRATICIENNE
INFIRMIÈRE PRATICIENNE NURSE PRACTITIONER,NURSE PRACTITIONER INFIRMIÃ¨RE PRATICIENNE
INFIRMIÃ¨RE PRATICIENNE NURSE PRACTITIONER,NURSE PRACTITIONER INFIRMIÃ¨RE PRATICIENNE
SUPERVISOR MECHANICAL,MECHANICAL SUPERVISOR
SUPERVISOR MECHANIC,MECHANICAL SUPERVISOR
MECHANIC SUPERVISOR,MECHANICAL SUPERVISOR
PROFESSOR MANAGEMENT,PROFESSOR OF MANAGEMENT
PROFESSOR HISTORY,PROFESSOR OF HISTORY
PROFESSOR OF ART HISTORY,PROFESSOR OF HISTORY
PROFESSOR OF CHEMISTRY,PROFESSOR OF HISTORY
ADMINISTRATOR DATABASE,DATABASE ADMINISTRATOR
DATABASE ADMINISTRATOR III,DATABASE ADMINISTRATOR
DATA ADMINISTRATOR,DATABASE ADMINISTRATOR
LEAD DATABASE ADMINISTRATOR,DATABASE ADMINISTRATOR
LEAD ADMINISTRATOR DATABASE,DATABASE ADMINISTRATOR
SUPERINTENDENT SCHOOLS,SUPERINTENDENT OF SCHOOLS
SUPERINTENDENT SAFE SCHOOLS,SUPERINTENDENT OF SCHOOLS
FIRST LINE MANAGER INSPECTION AND MAINTENANCE DIVER,FIRST LINE MANAGER INSPECTION AND MAINTENANCE
PYSCHOLOGICAL ASSOCIATE,PSYCHOLOGICAL ASSOCIATE
COMMANDER COMMANDANTE,COMMANDER COMMANDANT
SENIOR ANALYST SYSTEMS,SENIOR SYSTEMS ANALYST
SENIOR SYSTEM ANALYST,SENIOR SYSTEMS ANALYST
SENIOR IT SYSTEMS ANALYST,SENIOR SYSTEMS ANALYST
SENIOR SYSTEMS ANALYST SAP,SENIOR SYSTEMS ANALYST
SENIOR PAY SYSTEMS ANALYST,SENIOR SYSTEMS ANALYST
PHARMACIST \PHARMACIENNE,PHARMACIST PHARMACIENNE
PHARMACIENNE PHARMACIST,PHARMACIST PHARMACIENNE
PHARMACIST\PHARMACIENNE,PHARMACIST PHARMACIENNE
PHARMACIST PHARMACIEN,PHARMACIST PHARMACIENNE
PHARMACIST \PHARMACIEN,PHARMACIST PHARMACIENNE
BUILDINGS ENGINEER,BUILDING ENGINEER
MANAGER SERVICES,SERVICE MANAGER
SERVICES MANAGER,SERVICE MANAGER
MANAGER OF SERVICE,SERVICE MANAGER
MANAGER SENIOR,SENIOR MANAGER
SENIOR MANGER,SENIOR MANAGER
MANAGER SENIOR IT,SENIOR AUDIT MANAGER
SENIOR MANAGER IT,SENIOR AUDIT MANAGER
SENIOR HR MANAGER,SENIOR MANAGER
SR NETWORK MANAGEMENT ENGINEEROFFICER,SENIOR NETWORK MANAGEMENT ENGINEEROFFICER
NETWORK MANAGEMENT ENGINEEROFFICER,SENIOR NETWORK MANAGEMENT ENGINEEROFFICER
MEDICAL OFFICE OF HEALTH,MEDICAL OFFICER OF HEALTH
MEDICAL OFFICER OF HEALTHCEO,MEDICAL OFFICER OF HEALTH
MEDICAL OFFICER HEALTH,MEDICAL OFFICER OF HEALTH
MEDICAL OFFICER OF HEALTH CEO,MEDICAL OFFICER OF HEALTH
ASST MEDICAL OFFICER OF HEALTH,ASSOCIATE MEDICAL OFFICER OF HEALTH
ACUTE CARE NURSE PRACTITIONER,NURSE PRACTITIONER ACUTE CARE
SECTION MANAGER SEWER MAINTENANCE,SECTION MANAGER MAINTENANCE
DIRECTOR OF HUMAN RESOUCES,DIRECTOR OF HUMAN RESOURCES
DIRECTOR OF HUMAN REOURCES,DIRECTOR OF HUMAN RESOURCES
SNR PROVINCIAL JUDGE OCJ,PROVINCIAL JUDGE OCJ
CORPORATE SERVICES DIRECTOR,DIRECTOR CORPORATE SERVICES
DIRECTOR CORPORATE SERVICE,DIRECTOR CORPORATE SERVICES
DIRECTOR SERVICE CORPORATE,DIRECTOR CORPORATE SERVICES
DIRECTOR OF CORPORATE SERVICES,DIRECTOR CORPORATE SERVICES
DIRECTOR HR CORPORATE SERVICES,DIRECTOR CORPORATE SERVICES
REGISTERED NURSE INFIRMIER AUTORISÉ,REGISTERED NURSE INFIRMIER(IÃ¨RE) AUTORISÃ©(E)
INFIRMIER AUTORISÃ© REGISTERED NURSE,REGISTERED NURSE INFIRMIER(IÃ¨RE) AUTORISÃ©(E)
REGISTERED NURSE INFIRMIER AUTORISE,REGISTERED NURSE INFIRMIER(IÃ¨RE) AUTORISÃ©(E)
REGISTERED NURSE\INFIRMIER AUTHORISÃ©,REGISTERED NURSE INFIRMIER AUTORISÃ©
REGISTERED NURSE INFIMIER AUTORISÃ©,REGISTERED NURSE INFIRMIER AUTORISÃ©
PROFESSOR OF PHILOSOPY,PROFESSOR OF PHILOSOPHY
PROFESSOR PHILOSOPHY,PROFESSOR OF PHILOSOPHY
FULL PROFESSOR PHILOSOPHY,PROFESSOR OF PHILOSOPHY
PROFESSOR HEAD OF PHILOSOPHY,PROFESSOR OF PHILOSOPHY
ADVANCE PRACTICE NURSE,ADVANCED PRACTICE NURSE
ADVANCE PRACTICAL NURSE,ADVANCED PRACTICE NURSE
DIRECTOR OF OPERATION,DIRECTOR OF OPERATIONS
DIRECTOR GOLF OPERATIONS,DIRECTOR OF OPERATIONS
DIRECTOR OPERATIONS,DIRECTOR OF OPERATIONS
OPERATIONS DIRECTOR,DIRECTOR OF OPERATIONS
DIRECTOR IT OPERATIONS,DIRECTOR OF OPERATIONS
REGISTRAIRE,REGISTRAR
FIRST LINE MANAGER MAINTENANCE,FIRST LINE MANAGER CIVIL MAINTENANCE
ASSISTANT TECHNICAL ENGINEER OFFICER,ASSISTANT TECHNICAL ENGINEEROFFICER
ASSISTANT TECHNICAL ENGOFFICER,ASSISTANT TECHNICAL ENGINEEROFFICER
ASSISTANT TECHNICAL ENG OFFICER,ASSISTANT TECHNICAL ENGINEEROFFICER
PRINCIPAL SECONDARY SCHOOL,SECONDARY SCHOOL PRINCIPAL
PRINCIPAL SECONDARY SCHOOLS,SECONDARY SCHOOL PRINCIPAL
SECONDARY SCHOOL VICE PRINCIPAL,SECONDARY SCHOOL PRINCIPAL
VICE PRINCIPAL SECONDARY SCHOOL,SECONDARY SCHOOL PRINCIPAL
DIRECTOR (FINANCIAL SERVICES),DIRECTOR FINANCIAL SERVICES
DIRECTORFINANCIAL SERVICES,DIRECTOR FINANCIAL SERVICES
DIRECTOR FINANCIAL SERVICE,DIRECTOR FINANCIAL SERVICES
DIRECTOR OF FINANCIAL SERVICES,DIRECTOR FINANCIAL SERVICES
DIRECTOR FINANCE SERVICES,DIRECTOR FINANCIAL SERVICES
DIRECTOR CLINICAL,CLINICAL DIRECTOR
CLINCAL DIRECTOR,CLINICAL DIRECTOR
CLINIC DIRECTOR,CLINICAL DIRECTOR
CLINICAL DIRECTOR 1,CLINICAL DIRECTOR
SR CLINICAL DIRECTOR,CLINICAL DIRECTOR
REGIONAL MAINTAINER II FORESTRY,REGIONAL MAINTAINER I FORESTRY
REGIONAL MAINTAINE I FORESTRY,REGIONAL MAINTAINER I FORESTRY
REGIONAL MAINTAINER FORESTRY,REGIONAL MAINTAINER I FORESTRY
REGIONAL MAINTAINER FORESTRY UTS,REGIONAL MAINTAINER I FORESTRY
SPECIALIST TECHNICAL,TECHNICAL SPECIALIST
PROFESSOR ANTHROPOLOGY,PROFESSOR OF ANTHROPOLOGY
FULL PROFESSOR ANTHROPOLOGY,PROFESSOR OF ANTHROPOLOGY
FULL PROFESSOR (ANTHROPOLOGY),PROFESSOR OF ANTHROPOLOGY
DIRECTION ÃCOLE,DIRECTION ÉCOLE
DIRECTIONS ÉCOLES,DIRECTION ÉCOLE
NETWORK COORDINATOR,WORK COORDINATOR
INSPECTION AND MAINTENANCE TECHNICIANFIRST LINE MANAGER ASSISTANT,INSPECTION AND MAINTENANCE TECHNICIAN FIRST LINE MANAGER ASSISTANT
COMMUNICATIONS DIRECTOR,DIRECTOR COMMUNICATIONS
DIRECTOR (COMMUNICATIONS),DIRECTOR COMMUNICATIONS
DIRECTOR COMMUNICATION,DIRECTOR COMMUNICATIONS
COMMUNICATION DIRECTOR,DIRECTOR COMMUNICATIONS
DIRECTOR OF COMMUNICATIONS,DIRECTOR COMMUNICATIONS
PSYCHOLOGIST\PSYCHOLOGUE,PSYCHOLOGIST PSYCHOLOGUE
PSYCHOLOGUE PSYCHOLOGIST,PSYCHOLOGIST PSYCHOLOGUE
PSYCHOLOGISTPSYCHOLOGUE,PSYCHOLOGIST PSYCHOLOGUE
PSYCHOLGIST PSYCHOLOGUE,PSYCHOLOGIST PSYCHOLOGUE
PSYCHOLOGISTPSYCHOLOGE,PSYCHOLOGIST PSYCHOLOGUE
EDUCATION OFFICER AGENTE D'ÉDUCATION,EDUCATION OFFICER AGENTE D'Ã©DUCATION
EDUCATION OFFICER AGENT D'Ã©DUCATION,EDUCATION OFFICER AGENTE D'Ã©DUCATION
EDUCATION OFFICER AGENT D'ÉDUCATION,EDUCATION OFFICER AGENTE D'Ã©DUCATION
MANAGER CUSTOMER RELATIONS,CUSTOMER OPERATIONS MANAGER
CUSTOMER RELATIONS MANAGER,CUSTOMER OPERATIONS MANAGER
FIRE PREVENTION CAPTAIN,CAPTAIN FIRE PREVENTION
FIRE CAPTAIN PREVENTION,CAPTAIN FIRE PREVENTION
FIRE PREVENT CAPTAIN,CAPTAIN FIRE PREVENTION
FIRE CAPTAIN AND PREVENTION,CAPTAIN FIRE PREVENTION
FIRE CAPTAIN FIRE PREVENTION,CAPTAIN FIRE PREVENTION
SUPERVISOR OPERATIONS,OPERATIONS SUPERVISOR
OPERATION SUPERVISOR,OPERATIONS SUPERVISOR
SUPERVISOR OF OPERATIONS,OPERATIONS SUPERVISOR
SUPERVISOR BUS OPERATIONS,OPERATIONS SUPERVISOR
OPERATIONS SUPERVISOR EMS,OPERATIONS SUPERVISOR
ASSOCIATE MEDICAL OFFICER HEALTH,ASSOCIATE MEDICAL OFFICER OF HEALTH
ASSOCIATE MED OFFICER OF HEALTH,ASSOCIATE MEDICAL OFFICER OF HEALTH
ASSOCIATE CHIEF MEDICAL OFFICER OF HEALTH,ASSOCIATE MEDICAL OFFICER OF HEALTH
ASSISTANT MEDICAL OFFICER OF HEALTH,ASSOCIATE MEDICAL OFFICER OF HEALTH
COUNSEL SENIOR,SENIOR COUNSEL
DIRECTOR OF PUBIC WORKS,DIRECTOR OF PUBLIC WORKS
DIRECTOR OF PUBLIC WORK,DIRECTOR OF PUBLIC WORKS
DIRECTOR PUBLIC WORKS,DIRECTOR OF PUBLIC WORKS
PUBLIC WORKS DIRECTOR,DIRECTOR OF PUBLIC WORKS
DIRECTOR ENG PUBLIC WORKS,DIRECTOR OF PUBLIC WORKS
LIEUTENANT FIRE,FIRE LIEUTENANT
CODIRECTOR OF CARE,DIRECTOR OF CARE
DIRECTOR OF DAYCARE,DIRECTOR OF CARE
DIRECTOR CARE,DIRECTOR OF CARE
ENVIRONMENT CHEMICAL AND SAFETY TECHNICIAN TECHNOLOGIST,ENVIRONMENT CHEMICAL AND SAFETY TECHNICIANTECHNOLOGIST
ONCOLOGIST RADIATION,RADIATION ONCOLOGIST
ONCOLOGIST RADIATIOIN,RADIATION ONCOLOGIST
CEO RADIATION ONCOLOGIST,RADIATION ONCOLOGIST
PROFESSOR MECHANICAL AND INDUSTRIAL ENGINEERING,PROFESSOR OF MECHANICAL AND INDUSTRIAL ENGINEERING
PROF OF MECHANICAL AND INDUSTRIAL ENGINEERING,PROFESSOR OF MECHANICAL AND INDUSTRIAL ENGINEERING
PROFESSORCHAIR MECHANICAL AND INDUSTRIAL ENGINEERING,PROFESSOR OF MECHANICAL AND INDUSTRIAL ENGINEERING
ASSOCIATE PROFESSOR OF MECHANICAL AND INDUSTRIAL ENGINEERING,PROFESSOR OF MECHANICAL AND INDUSTRIAL ENGINEERING
ASSISTANT PROFESSOR OF MECHANICAL AND INDUSTRIAL ENGINEERING,PROFESSOR OF MECHANICAL AND INDUSTRIAL ENGINEERING
DIRECTOR PROJECT,PROJECT DIRECTOR
PROJECTS DIRECTOR,PROJECT DIRECTOR
DIRECTOR PROJECTS,PROJECT DIRECTOR
PROJECT DIRECTOR (T),PROJECT DIRECTOR
DIRECTOR EPROJECTS,PROJECT DIRECTOR
INFORMATION TECHNOLOGY MANAGER,MANAGER INFORMATION TECHNOLOGY
MANGER INFORMATION TECHNOLOGY,MANAGER INFORMATION TECHNOLOGY
MANAGER INFORMATION TECHNOLOLOGY,MANAGER INFORMATION TECHNOLOGY
MANAGER OF INFORMATION TECHNOLOGY,MANAGER INFORMATION TECHNOLOGY
SR MANAGER INFORMATION TECHNOLOGY,MANAGER INFORMATION TECHNOLOGY
SHIFT EMERGENCY RESPONSE MANAG,SHIFT EMERGENCY RESPONSE MANAGER
OFFICER EXECUTIVE,EXECUTIVE OFFICER
EXECUTIVE OFFICE,EXECUTIVE OFFICER
EXECUTIVE OFFICER HR,EXECUTIVE OFFICER
RPS EXECUTIVE OFFICE,EXECUTIVE OFFICER
MOHEXECUTIVE OFFICER,EXECUTIVE OFFICER
VICE PRESIDENT HUMAN RESOURCE,VICE PRESIDENT HUMAN RESOURCES
VICE PRESIDENT OF HUMAN RESOURCES,VICE PRESIDENT HUMAN RESOURCES
SR VICE PRESIDENT HUMAN RESOURCES,VICE PRESIDENT HUMAN RESOURCES
VICE PRESIDENT II HUMAN RESOURCES,VICE PRESIDENT HUMAN RESOURCES
VICE PRESIDENTCFO HUMAN RESOURCES,VICE PRESIDENT HUMAN RESOURCES
PHARMACISTPHARMACIE,PHARMACISTPHARMACIEN
PHARMACISTPHARMACIENNE,PHARMACISTPHARMACIEN
PHARMACIST PHARMACISTE,PHARMACISTPHARMACIEN
RADIATION PHYSICIST,PHYSICIST RADIATION
PHYSICIST II RADIATION,PHYSICIST RADIATION
PHYSICIST III RADIATION,PHYSICIST RADIATION
PROFESSOR GEOGRAPHY,PROFESSOR OF GEOGRAPHY
ASS'T CROWN ATTORNEY,ASST CROWN ATTORNEY
ASST CROWN ATTORNEY (DES),ASST CROWN ATTORNEY
CASE MANAGER GESTIONNAIRE DE CAS,CASE MANAGER\GESTIONNAIRE DE CAS
CASE MANAGER GESTIONNAIRE DES CAUSES,CASE MANAGER\GESTIONNAIRE DE CAS
TEACHER ONLINE ENGLISH AS A SECOND LANGUAGE ELEMENTARY,TEACHER ENGLISH AS A SECOND LANGUAGE ELEMENTARY
ELEMENTARY FRENCH AS A SECOND LANGUAGE TEACHER,TEACHER ENGLISH AS A SECOND LANGUAGE ELEMENTARY
ASSISTANT EXECUTIVE,EXECUTIVE ASSISTANT
CITY MANAGER (A),CITY MANAGER
MANAGER IT,CITY MANAGER
IT MANAGER,CITY MANAGER
SENIOR ENGINEER SCIENTIST SPECIALIST,SENIOR ENGINEERSCIENTIST SPECIALIST
SENIOR ENGSCIENTIST SPECIALIST,SENIOR ENGINEERSCIENTIST SPECIALIST
COUNSEL GENERAL,GENERAL COUNSEL
GENERAL COUNSELE,GENERAL COUNSEL
VPGENERAL COUNSEL,GENERAL COUNSEL
DEAN PROFESSORMEDICAL DOCTOR,PROFESSORMEDICAL DOCTOR
SUPERVISOR CONSTRUCTION INSPECTOR,SENIOR CONSTRUCTION INSPECTOR
ASSOCIATED DIRECTOR,ASSOCIATE DIRECTOR
ASSOCIATE DIRECTOR HR,ASSOCIATE DIRECTOR
ASSOCIATE DIRECTOR AMS,ASSOCIATE DIRECTOR
ASSOCIATE DEANDIRECTOR,ASSOCIATE DIRECTOR
CHIEF BUILDING OFFICAL,CHIEF BUILDING OFFICIAL
CHEIF BUILDING OFFICIAL,CHIEF BUILDING OFFICIAL
CHIEF BUILD OFFICIAL,CHIEF BUILDING OFFICIAL
SUPERVISOR PROGRAMS,PROGRAM SUPERVISOR
PROFESSOR OF MEDICINE,PROFESSOR MEDICINE
VICE PRESIDENT ADMINISTRATION AND FINANCE,VICE PRESIDENT FINANCE AND ADMINISTRATION
VICE PRESIDENT (FINANCE AND ADMINISTRATION),VICE PRESIDENT FINANCE AND ADMINISTRATION
VICE PRESIDENT: FINANCE AND ADMINISTRATION,VICE PRESIDENT FINANCE AND ADMINISTRATION
VICE PRESIDENT FINANCE AND ADMINSTRATION,VICE PRESIDENT FINANCE AND ADMINISTRATION
VICE PRESIDENT OF FINANCE AND ADMINISTRATION,VICE PRESIDENT FINANCE AND ADMINISTRATION
ONCOLOGIST MEDICAL,MEDICAL ONCOLOGIST
CEOMEDICAL ONCOLOGIST,MEDICAL ONCOLOGIST
CEO MEDICAL ONCOLOGIST,MEDICAL ONCOLOGIST
OPERATIONS SPECIALIST I,OPERATIONS SPECIALIST
OPERATIONS SPECIALISTII,OPERATIONS SPECIALIST
OPERATIONS SPECIALIST II,OPERATIONS SPECIALIST
CLINIC COORDINATOR,CLINICAL COORDINATOR
SR INFORMATION SYSTEMS ANALYST,SENIOR INFORMATION SYSTEMS ANALYST
INFORMATION SYSTEMS SUPPORT ANALYST,SENIOR INFORMATION SYSTEMS ANALYST
DIRECTOR SENIORS,SENIOR DIRECTOR
SENIOR DIRECTOR AÃ®NÃ©,SENIOR DIRECTOR
NURSE CLINICIAN 2,NURSE CLINICIAN
CLINICAL NURSE,NURSE CLINICIAN
SENIOR PROJECT MANAGER INFORMATION AND INFORMATION TECHNOLOGY,SENIOR INFORMATION AND INFORMATION TECHNOLOGY PROJECT MANAGER
INFORMATION AND INFORMATION TECHNOLOGY PROJECT MANAGER,SENIOR INFORMATION AND INFORMATION TECHNOLOGY PROJECT MANAGER
PROJECT MANAGER INFORMATION AND INFORMATION TECHNOLOGY,SENIOR INFORMATION AND INFORMATION TECHNOLOGY PROJECT MANAGER
INFORMATION AND INFORMATION TECHNOLOGY RESOURCE MANAGER,SENIOR INFORMATION AND INFORMATION TECHNOLOGY PROJECT MANAGER
NUCLEAR SECURITY OFFICERFIRST LINE MANAGER ASSISTANT,NUCLEAR SECURITY OFFICER FIRST LINE MANAGER ASSISTANT
CAPTAIN IN TRAINING,CAPTAIN TRAINING
PEFUSIONIST,PERFUSIONIST
PERFUSIONIST 2,PERFUSIONIST
PROFUSIONIST,PERFUSIONIST
COORDINATOR CONTRACTS,CONTRACTS COORDINATOR
CONSULTANT(E),CONSULTANT
CRITICAL CARE PARAMEDICAMBULANCIER PARAMÉDICAL EN SOINS INTENSIFS,CRITICAL CARE PARAMEDICAMBULANCIER PARAMÃ©DICAL EN SOINS INTENSIFS
SENIOR SYSTEM INTEGRATOR INFORMATION TECHNOLOGY,SENIOR SYSTEMS INTEGRATOR INFORMATION TECHNOLOGY
SENIOR SYSTEMS INTEGRATOR INFORMATION AND TECHNOLOGY,SENIOR SYSTEMS INTEGRATOR INFORMATION TECHNOLOGY
TRADES MANAGEMENT SUPERVISOR HYDROELECT,TRADES MANAGEMENT SUPERVISOR HYDROELECTRIC
TRADES MANGEMENT SUPERVISOR HYDROELECT,TRADES MANAGEMENT SUPERVISOR HYDROELECTRIC
TRADES MGMT SUPERVISOR HYDROELECTRIC,TRADES MANAGEMENT SUPERVISOR HYDROELECTRIC
AREA DISTRIBUTION ENGINEERING TECHNICIANS TRAINEE,AREA DISTRIBUTION ENGINEERING TECHNICIAN
MANAGER OPERATIONS CHEF DE SERVICE OPÃ©RATIONS,MANAGER OPERATIONS\CHEF DE SERVICE OPÃ©RATIONS
MANAGER OPERATIONS\CHEF DE SERVICE OPÉRATIONS,MANAGER OPERATIONS\CHEF DE SERVICE OPÃ©RATIONS
VICE CHAIRE,VICE CHAIR
REGION MANAGER,REGIONAL MANAGER
CHIEF POLICE,POLICE CHIEF
ASSOCIATE PROFESSOR TEACHING STREAM MUSIC,ASSOCIATE PROFESSOR TEACHING STREAM
ASSISTANT PROFESSOR TEACHING STREAM,ASSOCIATE PROFESSOR TEACHING STREAM
ASSOCIATE PROFESSOR TEACHING STREAM FRENCH,ASSOCIATE PROFESSOR TEACHING STREAM
ASSOCIATE PROFESSOR TEACHING STEAM MUSIC,ASSOCIATE PROFESSOR TEACHING STREAM
ASSOCIATE PROFESSOR TEACHING STREAM BIOLOGY,ASSOCIATE PROFESSOR TEACHING STREAM
DIRECTORDIRECTOR,DIRECTORDIRECTEUR
ASSOCIATE ENGINEERSCIENTISTTECH OFFICER,ASSOCIATE ENGINEERSCIENTISTTECHNICAL OFFICER
ASSISTANT ENGINEERSCIENTISTTECHNICAL OFFICER,ASSOCIATE ENGINEERSCIENTISTTECHNICAL OFFICER
SUPERV DISTRIBUTION TECHNICIAN,SUPERVISOR DISTRIBUTION TECHNICIAN
SPERV DISTRIBUTION TECHNICIAN,SUPERVISOR DISTRIBUTION TECHNICIAN
SUPV DISTRIBUTION TECHNICIAN,SUPERVISOR DISTRIBUTION TECHNICIAN
SPRV DISTRIBUTION TECHNICIAN,SUPERVISOR DISTRIBUTION TECHNICIAN
SESCONDARY PRINCIPAL,PRINCIPALSECONDARY
FIRE PREVENTION CHIEF OFFICER,CHIEF FIRE PREVENTION OFFICER
FIRE CHIEF PREVENTION OFFICER,CHIEF FIRE PREVENTION OFFICER
ASST CHIEF FIRE PREVENTION OFFICER,CHIEF FIRE PREVENTION OFFICER
FIRE CHIEF FIRE PREVENTION OFFICER,CHIEF FIRE PREVENTION OFFICER
CHIEF PREVENTION OFFICER,CHIEF FIRE PREVENTION OFFICER
INFIRMIÈRE AUTORISÉE,INFIRMIÃ¨RE AUTORISÃ©E
INFIRMIÃ¨RE AUTORISÃ©,INFIRMIÃ¨RE AUTORISÃ©E
PROFESSOR FINANCE,PROFESSOR OF FINANCE
DIRECTRICE DIRECTOR,DIRECTOR DIRECTRICE
DIRECTORDIRECTRICE,DIRECTOR DIRECTRICE
CODIRECTOR CODIRECTRICE,DIRECTOR DIRECTRICE
REGISTERED NURSE INFIRMIER(ÈRE) AUTORISÉ(E),REGISTERED NURSE INFIRMIER(IÃ¨RE) AUTORISÃ©(E)
REGISTERED NURSE\INFIRMIER AUTHORISE,REGISTERED NURSE INFIRMIER(IÃ¨RE) AUTORISÃ©(E)
PROJECT TECHNICIAN I ELECTRICAL AND CONTROL,PROJECT TECHNICIAN ELECTRICAL AND CONTROL
PROJECT TECHNICIAN II ELECTRICAL AND CONTROL,PROJECT TECHNICIAN ELECTRICAL AND CONTROL
SENIOR INFORMATION AND INFORMATION TECHNOLOGY DATA ARCHITECT,SENIOR INFORMATION AND INFORMATION TECHNOLOGY ARCHITECT
INFORMATION AND INFORMATION TECHNOLOGY ARCHITECT,SENIOR INFORMATION AND INFORMATION TECHNOLOGY ARCHITECT
INFORMATION AND INFORMATION TECHNOLOGY SOLUTIONS ARCHITECT,SENIOR INFORMATION AND INFORMATION TECHNOLOGY ARCHITECT
ELECTRICIAN SUBFOREMAN CONSTRUCTION,ELECTRICIAN SUBFOREPERSON CONSTRUCTION
ELECTRICIAN SUB FOREMAN CONSTRUCTION,ELECTRICIAN FOREMAN CONSTRUCTION
ELECTRICAL SUBFOREMAN CONSTRUCTION,ELECTRICIAN FOREMAN CONSTRUCTION
ELECTRICIAN FOREPERSON CONSTRUCTION,ELECTRICIAN FOREMAN CONSTRUCTION
CROWN COUNSEL AVOCAT DE LA COURONNE,CROWN COUNSEL AVOCATE DE LA COURONNE
SENIOR PLANT ENGINEER OFFICER,SENIOR PLANT ENGINEEROFFICER
PROFESSOR CELL AND SYSTEMS BIOLOGY,PROFESSOR OF CELL AND SYSTEMS BIOLOGY
VICE PRESIDENT (ACADEMIC),VICE PRESIDENT ACADEMIC
VICE PRESIDENT:ACADEMIC,VICE PRESIDENT ACADEMIC
VICE PRESIDENT: ACADEMIC,VICE PRESIDENT ACADEMIC
VICE PRESIDENT ACADEMICS,VICE PRESIDENT ACADEMIC
VICE PRESIDENT ACADMIC,VICE PRESIDENT ACADEMIC
PHARMACY MANAGER,MANAGER PHARMACY
MANAGER II PHARMACY,MANAGER PHARMACY
CHAIR AND PROFESSOR,PROFESSOR AND CHAIR
PROFESSOR BADER CHAIR,PROFESSOR AND CHAIR
CLINICAL LEAD,CLINICAL LEADER
CLINIC LEADER,CLINICAL LEADER
OPERATOR COMMUNICATIONS,COMMUNICATIONS OPERATOR
COMMUNICATION OPERATOR,COMMUNICATIONS OPERATOR
OPERATOR COMMUNICATION,COMMUNICATIONS OPERATOR
COMMUNICATIONS OPERATOR I,COMMUNICATIONS OPERATOR
COMMUNICATIONS OPERATOR II,COMMUNICATIONS OPERATOR
SENIOR THERMAL STATION ENGINEER OFFICER,SENIOR THERMAL STATION ENGINEEROFFICER
SR THERMAL STATION ENGINEEROFFICER,SENIOR THERMAL STATION ENGINEEROFFICER
SENIOR THERMAL STATION ENGOFFICER,SENIOR THERMAL STATION ENGINEEROFFICER
SR THERMAL STATION ENGINEER OFFICER,SENIOR THERMAL STATION ENGINEEROFFICER
SENIOR THERMAL STATION ENG OFFICER,SENIOR THERMAL STATION ENGINEEROFFICER
CONSULTANT HUMAN RESOURCES,HUMAN RESOURCES CONSULTANT
HUMAN RESOURCE CONSULTANT,HUMAN RESOURCES CONSULTANT
CONSULTANT HUMAN RESOURCE,HUMAN RESOURCES CONSULTANT
SR HUMAN RESOURCES CONSULTANT,SENIOR HUMAN RESOURCES CONSULTANT
SENIOR HUMAN RESOURCE CONSULTANT,SENIOR HUMAN RESOURCES CONSULTANT
SENIOR ADVISOR COMMUNICATIONS,SENIOR COMMUNICATIONS ADVISOR
ADVISOR COMMUNICATIONS SENIOR,SENIOR COMMUNICATIONS ADVISOR
SENIOR COMMUNICATION ADVISOR,SENIOR COMMUNICATIONS ADVISOR
SENIOR COMMUNICATIONS ADVISOR MEDIA,SENIOR COMMUNICATIONS ADVISOR
SUPERINTENDENT BUSINESS,SUPERINTENDENT OF BUSINESS
BUSINESS SUPERINTENDENT,SUPERINTENDENT OF BUSINESS
SUPERINTENDENT BUSINESS HR,SUPERINTENDENT OF BUSINESS
SUPERINTENDANT BUSINESS,SUPERINTENDENT OF BUSINESS
DIRECTOR ADMINISTRATION AND FINANCE,DIRECTOR OF FINANCE AND ADMINISTRATION
DIRECTOR (FINANCE AND ADMINISTRATION),DIRECTOR OF FINANCE AND ADMINISTRATION
FINANCE AND ADMINISTRATION DIRECTOR,DIRECTOR OF FINANCE AND ADMINISTRATION
DIRECTORFINANCE AND ADMINISTRATION,DIRECTOR FINANCE AND ADMINISTRATION
DIRETOR FINANCE AND ADMINISTRATION,DIRECTOR FINANCE AND ADMINISTRATION
SENIOR INFORMATION AND INFORMATION TECHNOLOGY ARCHITECT ARCHITECTE PRINCIPALE DE L'INFORMATION ET DE LA TECHNOLOGIE DE L'INFORMATION,SENIOR INFORMATION AND INFORMATION TECHNOLOGY ARCHITECT ARCHITECTE PRINCIPAL DE L'INFORMATION ET DE LA TECHNOLOGIE DE L'INFORMATION
SENIOR INFORMATION AND INFORMATION TECHNOLOGY ARCHITECT ARCHITECTE PRINCIPAL D'INFORMATION ET TECHNOLOGIE DE L'INFORMATION,SENIOR INFORMATION AND INFORMATION TECHNOLOGY ARCHITECT ARCHITECTE PRINCIPAL DE L'INFORMATION ET DE LA TECHNOLOGIE DE L'INFORMATION
SENIOR INFORMATION AND INFORMATION TECHNOLOGY ARCHITECT ARCHITECTE PRINCIPAL INFORMATION ET TECHNOLOGIE DE L'INFORMATION,SENIOR INFORMATION AND INFORMATION TECHNOLOGY ARCHITECT ARCHITECTE PRINCIPAL DE L'INFORMATION ET DE LA TECHNOLOGIE DE L'INFORMATION
SENIOR INFORMATION AND INFORMATION TECHNOLOGY ARCHITECT ARCHITECTE PRINCIPALE INFORMATION ET TECHNOLOGIE DE L'INFORMATION,SENIOR INFORMATION AND INFORMATION TECHNOLOGY ARCHITECT ARCHITECTE PRINCIPAL DE L'INFORMATION ET DE LA TECHNOLOGIE DE L'INFORMATION
SENIOR INFORMATION AND INFORMATION TECHNOLOGY DATA ARCHITECT ARCHITECTE PRINCIPAL DES DONNÃ©ES INFORMATION ET TECHNOLOGIE DE L'INFORMATION,SENIOR INFORMATION AND INFORMATION TECHNOLOGY ARCHITECT ARCHITECTE PRINCIPAL DE L'INFORMATION ET DE LA TECHNOLOGIE DE L'INFORMATION
CRITICAL CARE PARAMEDIC STEP,CRITICAL CARE PARAMEDIC
MANAGER CURRENT OPERATIONS,MANAGER COURT OPERATIONS
MANAGER COG OPERATIONS,MANAGER COURT OPERATIONS
MANAGER COMPUTER OPERATIONS,MANAGER COURT OPERATIONS
MANAGER CONTRACT OPERATIONS,MANAGER COURT OPERATIONS
DIRECTOR REGIONAL,REGIONAL DIRECTOR
REGINAL DIRECTOR,REGIONAL DIRECTOR
CLIENT SERVICES MANAGER,MANAGER CLIENT SERVICES
MANAGER CLIENT SERVICE,MANAGER CLIENT SERVICES
CLIENT SERVICE MANAGER,MANAGER CLIENT SERVICES
MANAGER OF CLIENT SERVICES,MANAGER CLIENT SERVICES
MANAGER CLIENT SERVICES IT,MANAGER CLIENT SERVICES
SENIOR FINANCE ADVISOR,SENIOR ADVISOR FINANCE
SENIOR FINANCIAL ADVISOR,SENIOR ADVISOR FINANCE
SR ADVISOR FINANCE,SENIOR ADVISOR FINANCE
PROFESSOR STRATEGIC MANAGEMENT,PROFESSOR OF STRATEGIC MANAGEMENT
POLICY OFFICER,POLICE OFFICER
REGISTERED NURSE INFIRMIÃ¨RE,REGISTERED NURSE\INFIRMIÃ¨RE
REGISTERED NURSE\INFIRMIÈRE,REGISTERED NURSE\INFIRMIÃ¨RE
REGISTERED NURSE INFIRMIER,REGISTERED NURSE\INFIRMIÃ¨RE
REGISTERED NURSE\INFIRMIER,REGISTERED NURSE\INFIRMIÃ¨RE
REGISTERED NURSE INFIRMIÈRE,REGISTERED NURSE\INFIRMIÃ¨RE
I3 SENIOR BUSINESS ANALYST,SENIOR BUSINESS ANALYST
REGISTERED RESPIRATORYTHERAPIST,REGISTERED RESPIRATORY THERAPIST
SENIOR REGISTERED RESPIRATORY THERAPIST,REGISTERED RESPIRATORY THERAPIST
CHARGE REGISTERED RESPIRATORY THERAPIST,REGISTERED RESPIRATORY THERAPIST
SR HEALTH PHYSICIST,HEALTH PHYSICIST
RADIATION PROTECTION TECHNICIAN I,RADIATION PROTECTION TECHNICIAN
RADIATION PROTECTION TECHNICIAN II,RADIATION PROTECTION TECHNICIAN
RADIATION PROTECTION TECHNICAN NWM,RADIATION PROTECTION TECHNICIAN
TECHNOLOGIST 1,TECHNOLOGIST
TECHNOLOGIST 3,TECHNOLOGIST
TECHNOLOGIST I,TECHNOLOGIST
TECHNOLOGIST 2,TECHNOLOGIST
MANAGER AUDIT,AUDIT MANAGER
MANAGER OF AUDIT,AUDIT MANAGER
SR MANAGER AUDIT,AUDIT MANAGER
MANAGER IT AUDIT,AUDIT MANAGER
TECHNOLOGIST ENGINEERING,ENGINEERING TECHNOLOGIST
TECHNOLOGIST (ENGINEERING),ENGINEERING TECHNOLOGIST
PROFESSOR AND CANADA REARCH CHAIR,PROFESSOR AND CANADA RESEARCH CHAIR
PROFESSOR CANADA RESEARCH CHAIR,PROFESSOR AND CANADA RESEARCH CHAIR
PROFESSOR; CANADA RESEARCH CHAIR,PROFESSOR AND CANADA RESEARCH CHAIR
PROFESSOR CHAIR CANADA RESEARCH,PROFESSOR AND CANADA RESEARCH CHAIR
CANADA RESEARCH CHAIR PROFESSOR,PROFESSOR AND CANADA RESEARCH CHAIR
CONSULTANT CHILDREN SERVICES,CONSULTANT CHILD SERVICES
CONSULTANT CHILDREN SERVICE,CONSULTANT CHILD SERVICES
PROFESSOR (CHEMISTRY),PROFESSOR CHEMISTRY
PROFESSOR BIOCHEMISTRY,PROFESSOR CHEMISTRY
CRCPROFESSOR CHEMISTRY,PROFESSOR CHEMISTRY
HEADPROFESSOR CHEMISTRY,PROFESSOR CHEMISTRY
MANAGER DEVELOP AND MAINTENANCE,MANAGER DEVELOPMENT AND MAINTENANCE
MANAGER DEVELOPMENTMAINTENANCE,MANAGER DEVELOPMENT AND MAINTENANCE
MANAGER SYSTEM DEVELOPMENT AND MAINTENANCE,MANAGER DEVELOPMENT AND MAINTENANCE
MANAGER SYSTEMS DEVELOPMENT AND MAINTENANCE,MANAGER DEVELOPMENT AND MAINTENANCE
MANAGER DEVELOPMENT MAINTENANCE AND CENTRES,MANAGER DEVELOPMENT AND MAINTENANCE
DIRECTORPHARMACY,DIRECTOR PHARMACY
CODIRECTOR PHARMACY,DIRECTOR PHARMACY
DIRECTOR OF PHARMACY,DIRECTOR PHARMACY
CLINICAL SERVICES MANAGER,MANAGER CLINICAL SERVICES
MANAGER CLINICAL SERVICE,MANAGER CLINICAL SERVICES
MANAGER OF CLINICAL SERVICES,MANAGER CLINICAL SERVICES
MANAGER CLERICAL SERVICES,MANAGER CLINICAL SERVICES
MANAGER CLINICAL INFO SERVICES,MANAGER CLINICAL SERVICES
MANAGER CLINICAL SERVICES GESTIONNAIRE SERVICES CLINQUES,MANAGER CLINICAL SERVICES GESTIONNAIRE SERVICES CLINIQUES
MANAGER CLINICAL SERVICES GESTIONNAIRE DES SERVICES CLINIQUES,MANAGER CLINICAL SERVICES GESTIONNAIRE SERVICES CLINIQUES
MANAGER CLINICAL GESTIONNAIRE SERVICES CLINIQUES,MANAGER CLINICAL SERVICES GESTIONNAIRE SERVICES CLINIQUES
PROJECT TECHNICIAN I MECHANICAL,PROJECT TECHNICIAN MECHANICAL
PROJECT TECHNICIAN II MECHANICAL,PROJECT TECHNICIAN MECHANICAL
SITE PROJECT TECHNICIAN MECHANICAL,PROJECT TECHNICIAN MECHANICAL
PROFESSOR CHEMICAL ENGINEERING,PROFESSOR OF CHEMICAL ENGINEERING
PROF OF CHEMICAL ENGINEERING,PROFESSOR OF CHEMICAL ENGINEERING
HEADPROFESSOR CHEMICAL ENGINEERING,PROFESSOR OF CHEMICAL ENGINEERING
MANAGER CASA,CASE MANAGER
PLANT ENGINEEROFFICER HYDROELECTRIC,SENIOR PLANT ENGINEEROFFICER HYDROELECTRIC
ENGLISH TEACHER,TEACHER ENGLISH
GENERAL DUTY OFFICER AGENTE DES SERVICES GÉNÉRAUX,GENERAL DUTY OFFICER AGENT DES SERVICES GÉNÉRAUX
RESEARCH ASSOCIATE (II),RESEARCH ASSOCIATE
RESEARCH ASSOCIATE (PHD),RESEARCH ASSOCIATE
LICENSE MECHANIC,LICENSED MECHANIC
FINANCIAL SERVICES MANAGER,MANAGER FINANCIAL SERVICES
MANAGER (FINANCIAL SERVICES),MANAGER FINANCIAL SERVICES
MANAGER FINANCIAL SERVICE,MANAGER FINANCIAL SERVICES
MAANGER FINANCIAL SERVICES,MANAGER FINANCIAL SERVICES
MANAGER OF FINANCIAL SERVICES,MANAGER FINANCIAL SERVICES
ELEMENTARY COORDINATOR,COORDINATOR ELEMENTARY
BUSINESS PARTNER HUMAN RESOURCES,HUMAN RESOURCES BUSINESS PARTNER
PARTNER BUSINESS: HUMAN RESOURCES,HUMAN RESOURCES BUSINESS PARTNER
HUMAN RESOURCE BUSINESS PARTNER,HUMAN RESOURCES BUSINESS PARTNER
BUSINESS PARTNER HUMAN RESOURCE,HUMAN RESOURCES BUSINESS PARTNER
SENIOR HUMAN RESOURCES BUSINESS PARTNER,HUMAN RESOURCES BUSINESS PARTNER
MANAGER ARENAS,AREA MANAGER
MANAGER AR,AREA MANAGER
PROFESSOR ASSOCIATE DEAN,ASSOCIATE DEAN PROFESSOR
DEAN ASSOCIATE PROFESSOR,ASSOCIATE DEAN PROFESSOR
ASSOCIATE PROFESSOR DEAN,ASSOCIATE DEAN PROFESSOR
ASSOCIATE DEANPROFESSOR,ASSOCIATE DEAN PROFESSOR
ASSOCIATE DEAN PROFESSORMD,ASSOCIATE DEAN PROFESSOR
ASSOCIATE PROFESSOR ASSOCIATE DEAN,ASSOCIATE DEAN ASSOCIATE PROFESSOR
ASSOCIATE DEAN; ASSOCIATE PROFESSOR,ASSOCIATE DEAN ASSOCIATE PROFESSOR
ASSOCIATE PROFESSOR AND ASSOCIATE DEAN,ASSOCIATE DEAN ASSOCIATE PROFESSOR
ASSOCIATE HEAD ASSOCIATE PROFESSOR,ASSOCIATE DEAN ASSOCIATE PROFESSOR
ASSOCIATE DEAN AND ASSOCIATE PROFESSOR,ASSOCIATE DEAN ASSOCIATE PROFESSOR
CLINICAL PRACTICE LEAD,CLINICAL PRACTICE LEADER
MAJOR DEPARTMENT HEAD,DEPARTMENT HEAD MAJOR
DEPARTMENT HEAD MINOR,DEPARTMENT HEAD MAJOR
VICE PRESIDENT CORPORATE SERVICE,VICE PRESIDENT CORPORATE SERVICES
VICE PRESIDENT CORPORATE SERVICESCFO,VICE PRESIDENT CORPORATE SERVICES
VICE PRESIDENT OF CORPORATE SERVICES,VICE PRESIDENT CORPORATE SERVICES
SR VICE PRESIDENT CORPORATE SERVICES,VICE PRESIDENT CORPORATE SERVICES
VICE PRESIDENT CORPORATE SERVICES CFO,VICE PRESIDENT CORPORATE SERVICES
REGIONAL MAINTAINER LINES UTS 3,REGIONAL MAINTAINER LINES UTS
REGIONAL MAINTAINER ELEC UTS,REGIONAL MAINTAINER LINES UTS
DEPUTY POLICE OF CHIEF,DEPUTY CHIEF OF POLICE
DEPUTY CHIEF OF POLICE (A),DEPUTY CHIEF OF POLICE
DEPUTY CHIEF OF POLICY,DEPUTY CHIEF OF POLICE
DEPUTY POLICE CHIEF,DEPUTY CHIEF OF POLICE
POLICE DEPUTY CHIEF,DEPUTY CHIEF OF POLICE
SR PROTECTION AND CONTROL SUPERVISOR,SENIOR PROTECTION AND CONTROL SUPERVISOR
PROTECTION AND CONTROL SUPERVISOR,SENIOR PROTECTION AND CONTROL
PATHOLOGIST\PATHOLOGISTE,PATHOLOGIST PATHOLOGISTE
PATHOLOGISTPATHOLOGISTE,PATHOLOGIST PATHOLOGISTE
PRACTITIONER INFECTION CONTROL,INFECTION CONTROL PRACTITIONER
INFECTION CONTROL PRACTIONER,INFECTION CONTROL PRACTITIONER
ANAESTHESIA ASSISTANT,ANESTHESIA ASSISTANT
PROFESSOR ACCOUNTING,PROFESSOR OF ACCOUNTING
ACCOUNTING PROFESSOR,PROFESSOR OF ACCOUNTING
ELECTRICIAN WIRE AND SERVICES,ELECTRICIAN WIRING AND SERVICE
DIRECTOR OF SERVICES,DIRECTOR OF SERVICE
DIRECTOR GOLF SERVICES,DIRECTOR OF SERVICE
SERVICE DIRECTOR,DIRECTOR OF SERVICE
DIRECTOR SERVICE,DIRECTOR OF SERVICE
DIRECTOR (BUSINESS DEVELOPMENT),DIRECTOR BUSINESS DEVELOPMENT
DIRECTOR DEVELOPMENT BUSINESS,DIRECTOR BUSINESS DEVELOPMENT
BUSINESS DEVELOPMENT DIRECTOR,DIRECTOR BUSINESS DEVELOPMENT
DIRECTOR OF BUSINESS DEVELOPMENT,DIRECTOR BUSINESS DEVELOPMENT
DIRECTOR OF DEVELOPMENT BUSINESS,DIRECTOR BUSINESS DEVELOPMENT
CONSULTANT ELEMENTARY TEACHER,ELEMENTARY TEACHER CONSULTANT
TEACHER CONSULTANT ELEMENTARY,ELEMENTARY TEACHER CONSULTANT
ELEMENTARY TEACHING CONSULTANT,ELEMENTARY TEACHER CONSULTANT
CONSULTANT ELEMENTARY TEACHING,ELEMENTARY TEACHER CONSULTANT
MANAGER OF COMMUNITY PLANNING,MANAGER COMMUNITY PLANNING
MANAGER COMMUNITY PLANNINGSOUTH,MANAGER COMMUNITY PLANNING
FIRST LINE MANAGER SECURITY,SECURITY FIRST LINE MANAGER
FIRST LINE MANAGER ASST SECURITY,SECURITY FIRST LINE MANAGER
PROGRAM MANAGER EMPLOYMENT AND SOCIAL SERVICES,MANAGER EMPLOYMENT AND SOCIAL SERVICES
GENERAL MANAGER EMPLOYMENT AND SOCIAL SERVICES,MANAGER EMPLOYMENT AND SOCIAL SERVICES
MANAGER BUSINESS,BUSINESS MANAGER
MANAGER EBUSINESS,BUSINESS MANAGER
IT BUSINESS MANAGER,BUSINESS MANAGER
MANAGER CORPORATE,CORPORATE MANAGER
CASE MANAGEMEN MASTER,CASE MANAGEMENT MASTER
CASE MANAGEMET MASTER,CASE MANAGEMENT MASTER
ANALYST BUSINESS,BUSINESS ANALYST
ANALYSTBUSINESS,BUSINESS ANALYST
BUSINESS ANALYST II,BUSINESS ANALYST
I3 BUSINESS ANALYST,BUSINESS ANALYST
TEACHER SPECIAL EDUCATION,SPECIAL EDUCATION TEACHER
TEACHER SPECIAL EDUCATION ISSP,SPECIAL EDUCATION TEACHER
PROFESSOR MUSIC,PROFESSOR OF MUSIC
PLANNING SCHEDULING TECHNICIAN,PLANNING AND SCHEDULING TECHNICIAN
SUPERVISOR TRANSIT,TRANSIT SUPERVISOR
TRANSIT SUPERVISOR 1,TRANSIT SUPERVISOR
ENGINEERING TECHNOLOGIST RAILS CARS AND SHOPS,ENGINEERING TECHNOLOGIST RAIL CARS AND SHOPS
CERTIFIED UNIT O CONTROL ROOM OPERATOR,"CERTIFIED UNIT ""O"" CONTROL ROOM OPERATOR"
"CERTIFIED UNIT ""O""CONTROL ROOM OPERATOR","CERTIFIED UNIT ""O"" CONTROL ROOM OPERATOR"
"CERTIFIED UNIT""O"" CONTROL ROOM OPERATOR","CERTIFIED UNIT ""O"" CONTROL ROOM OPERATOR"
"CERTIFIED UNIT ""O"" CTRL ROOM OPERATOR","CERTIFIED UNIT ""O"" CONTROL ROOM OPERATOR"
"CERTIFIED UNIT ""O"" CONTROL ROOM OITNO","CERTIFIED UNIT ""O"" CONTROL ROOM OPERATOR"
SUPERINTENDENT DEPOT,DEPUTY SUPERINTENDENT
IRP DEPUTY SUPERINTENDENT,DEPUTY SUPERINTENDENT
LABOUR RELATIONS MANAGER,MANAGER LABOUR RELATIONS
MANAGER OF LABOUR RELATIONS,MANAGER LABOUR RELATIONS
DIRECTEUR(RICE) DIRECTOR,DIRECTEUR(TRICE) DIRECTOR
CONSEILLER PÉDAGOGIQUE,CONSEILLER PÃ©DAGOGIQUE
CONSEILLER(Ã¨RE) PÃ©DAGOGIQUE,CONSEILLER PÃ©DAGOGIQUE
CONSEILLER PEDAGOGIQUE,CONSEILLER PÃ©DAGOGIQUE
CONSEILLER PÉDAGOGIQE,CONSEILLER PÃ©DAGOGIQUE
SHIFT SUPERVISOR II,SHIFT SUPERVISOR
SITE SUPERVISOR,SHIFT SUPERVISOR
LONG TERM CARE ADMINISTRATOR,ADMINISTRATOR LONG TERM CARE
ADMINISTRATOR (LONG TERM CARE),ADMINISTRATOR LONG TERM CARE
ADMINISTRATOR LONGTERM CARE,ADMINISTRATOR LONG TERM CARE
ADMINISTRATOR: LONGTERM CARE,ADMINISTRATOR LONG TERM CARE
CEOLONG TERM CARE ADMINISTRATOR,ADMINISTRATOR LONG TERM CARE
NURSE CLINICIAN EDUCATOR,CLINICAL NURSE EDUCATOR
CLINICAL EDUCATOR NURSING,CLINICAL NURSE EDUCATOR
SYSTEM ANALYST,SYSTEMS ANALYST
SYSTEMS ANALYST I,SYSTEMS ANALYST
SR SYSTEMS ANALYST,SYSTEMS ANALYST
ANALYST IT SYSTEMS,SYSTEMS ANALYST
SYSTEMS ANALYST II,SYSTEMS ANALYST
ENGINEERING MANAGER,MANAGER ENGINEERING
MANAGER ENGINGEERING,MANAGER ENGINEERING
MANAGER OF ENGINEERING,MANAGER ENGINEERING
MANAGER WAY ENGINEERING,MANAGER ENGINEERING
MANAGER DEV ENGINEERING,MANAGER ENGINEERING
PLUMBERPIPEFITTER FOREMAN CONST,PLUMBERPIPEFITTER FOREMAN CONSTRUCTION
ENSEIGNANTÂ SECONDAIRE,ENSEIGNANT SECONDAIRE
ENSEIGNANTE SECONDAIRE,ENSEIGNANT SECONDAIRE
ENSEIGNANTES SECONDAIRE,ENSEIGNANT SECONDAIRE
ENSEIGANTE SECONDAIRE,ENSEIGNANT SECONDAIRE
ENSEIGNANT(E) SECONDAIRE,ENSEIGNANT SECONDAIRE
DIRECTOR CORPORATE,CORPORATE DIRECTOR
DIRECTOR CORPORATE HR,CORPORATE DIRECTOR
DIRECTOR CORPORATE HE,CORPORATE DIRECTOR
DIRECTOR OF CORPORATE,CORPORATE DIRECTOR
DIRECTOR CORPORATE TAX,CORPORATE DIRECTOR
PROGRAM SUPERVISOR SUPERVISEUR DE PROGRAMME,PROGRAM SUPERVISOR SUPERVISEURE DE PROGRAMME
PROGRAM SUPERVISOR SUPERVISEURE DU PROGRAMME,PROGRAM SUPERVISOR SUPERVISEURE DE PROGRAMME
PROGRAM SUPERVISOR SUPERVISEUR DES PROGRAMMES,PROGRAM SUPERVISOR SUPERVISEURE DE PROGRAMME
PROFESSOR ECOLOGY AND EVOLUTIONARY BIOLOGY,PROFESSOR OF ECOLOGY AND EVOLUTIONARY BIOLOGY
PROFESSORCHAIR ECOLOGY AND EVOLUTIONARY BIOLOGY,PROFESSOR OF ECOLOGY AND EVOLUTIONARY BIOLOGY
PROFESSOR AND CHAIR OF ECOLOGY AND EVOLUTIONARY BIOLOGY,PROFESSOR OF ECOLOGY AND EVOLUTIONARY BIOLOGY
ASSOCIATE PROFESSOR OF ECOLOGY AND EVOLUTIONARY BIOLOGY,PROFESSOR OF ECOLOGY AND EVOLUTIONARY BIOLOGY
ASSISTANT PROFESSOR OF ECOLOGY AND EVOLUTIONARY BIOLOGY,PROFESSOR OF ECOLOGY AND EVOLUTIONARY BIOLOGY
CEOCHIEF LIBRARIAN,CHIEF LIBRARIAN
CHIEF LIBRARIANCEO,CHIEF LIBRARIAN
CIOCHIEF LIBRARIAN,CHIEF LIBRARIAN
RADIATION PROTECTION AND SAFETYFIRST LINE MANAGER ASSISTANT,RADIATION PROTECTION AND SAFETY FIRST LINE MANAGER ASSISTANT
SENIOR POLICY ANAYLST,SENIOR POLICY ANALYST
SENIOR POLICY ANALYST IT,SENIOR POLICY ANALYST
REGISTRED PRACTICAL NURSE,REGISTERED PRACTICAL NURSE
REGISTERED PRACTICAL NURSEFLOAT,REGISTERED PRACTICAL NURSE
PROFESSOR OF BIOLOGY,PROFESSOR BIOLOGY
CRCPROFESSOR BIOLOGY,PROFESSOR BIOLOGY
BUSINESS MANAGER SOLUTIONS,MANAGER BUSINESS SOLUTIONS
BUSINESS SOLUTIONS MANAGER,MANAGER BUSINESS SOLUTIONS
BUSINESS SOLUTION MANAGER,MANAGER BUSINESS SOLUTIONS
MANAGER OF BUSINESS SOLUTIONS,MANAGER BUSINESS SOLUTIONS
MANAGER SAP BUSINESS SOLUTIONS,MANAGER BUSINESS SOLUTIONS
MANAGER OF HUMAN RESOURCE,MANAGER OF HUMAN RESOURCES
MANGER OF HUMAN RESOURCES,MANAGER OF HUMAN RESOURCES
FIRE FIGHTER CAPTAIN,CAPTAIN FIRE FIGHTER
MANAGER GRID OPERATIONS,GRID OPERATIONS MANAGER
MANAGER IT OPERATIONS,GRID OPERATIONS MANAGER
MANAGER HR OPERATIONS,GRID OPERATIONS MANAGER
IT OPERATIONS MANAGER,GRID OPERATIONS MANAGER
SR REGISTERED TECHNOLOGIST,REGISTERED TECHNOLOGIST
NONREGISTERED TECHNOLOGIST,REGISTERED TECHNOLOGIST
REGISTERED LAB TECHNOLOGIST,REGISTERED TECHNOLOGIST
REGISTERED XRAY TECHNOLOGIST,REGISTERED TECHNOLOGIST
REGISTERED TECHNOLOGIST AGRÃ©Ã©E,REGISTERED TECHNOLOGIST
NURSING DIRECTOR,DIRECTOR NURSING
DIRECTOR OF NURSING,DIRECTOR NURSING
STAFF SCIENTIST I,STAFF SCIENTIST
STAFF SCIENTIST II,STAFF SCIENTIST
STAFF SCIENTIST IV,STAFF SCIENTIST
AUDITOR INTERNAL SENIOR,SENIOR INTERNAL AUDITOR
ANALYST BUYER,ANALYSTBUYER
CHIEF ADMISTRATIVE OFFICERCLERK,CHIEF ADMINISTRATIVE OFFICERCLERK
CHIEF ADMINISTRATION OFFICERCLERK,CHIEF ADMINISTRATIVE OFFICERCLERK
CHIEF ADMINISTRATOR OFFICERCLERK,CHIEF ADMINISTRATIVE OFFICERCLERK
CHIEF ADMINSTRATION OFFICERCLERK,CHIEF ADMINISTRATIVE OFFICERCLERK
CHIEF ADMINISTRATIVE OFFICERPLANNER,CHIEF ADMINISTRATIVE OFFICERCLERK
MAINTENANCE SUPERVISOR OPERATIONS,SUPERVISOR MAINTENANCE OPERATIONS
SUPERVISOR OPERATIONS AND MAINTENANCE,SUPERVISOR MAINTENANCE OPERATIONS
SUPERVISOR MAINTENANCE AND OPERATIONS,SUPERVISOR MAINTENANCE OPERATIONS
OPERATIONS AND MAINTENANCE SUPERVISOR,SUPERVISOR MAINTENANCE OPERATIONS
SUPERVISOR ROAD OPERATIONS MAINTENANCE,SUPERVISOR MAINTENANCE OPERATIONS
TRAINING TECH CONVENTIONAL SAFETY,TRAINING TECHNICIAN CONVENTIONAL SAFETY
PROFESSOR OF PHYSIOLOGY,PROFESSOR PHYSIOLOGY
DIRECTORINFORMATION TECHNOLOGY SERVICES,DIRECTOR INFORMATION TECHNOLOGY SERVICES
DIRECTOR INFORMATION TECHNOLOGY SERVICE,DIRECTOR INFORMATION TECHNOLOGY SERVICES
DIRECTOR INFORMATIOM TECHNOLOGY SERVICES,DIRECTOR INFORMATION TECHNOLOGY SERVICES
DIRECTOR OF INFORMATION TECHNOLOGY SERVICES,DIRECTOR INFORMATION TECHNOLOGY SERVICES
DIRECTOR INFORMATION AND TECHNOLOGY SERVICES,DIRECTOR INFORMATION TECHNOLOGY SERVICES
PROGRAM LEADER,PROGRAM LEAD
PROGRAM HEAD,PROGRAM LEAD
SHIFT MAINTAINER II MECHNICAL (FOSSIL),SHIFT MAINTAINER I MECHANICAL (FOSSIL)
SHIFT RADIATION PROTECTION AND SAFETY TECHNICIAN,RADIATION PROTECTION AND SAFETY TECHNICIAN
PROGRAM SERVICES MANAGER,MANAGER PROGRAM SERVICES
SERVICE PROGRAM MANAGER,MANAGER PROGRAM SERVICES
MANAGER OF PROGRAM SERVICES,MANAGER PROGRAM SERVICES
PROGRAM MANAGER OF SERVICES,MANAGER PROGRAM SERVICES
IT PROGRAM SERVICE MANAGER,MANAGER PROGRAM SERVICES
SENIOR BUSINESS RISK CONSULTANT,SENIOR BUSINESS CONSULTANT
DETECTIVE SERGEANT POLICE,POLICE DETECTIVE SERGEANT
DETECTIVE SARGEANT POLICE,POLICE DETECTIVE SERGEANT
SERGEANT DETECTIVE OFFICE,POLICE DETECTIVE SERGEANT
NURSE REGISTERED INTENSIVE CARE UNIT,REGISTERED NURSE INTENSIVE CARE UNIT
REGISTERED NURSE CARDIAC INTENSIVE CARE UNIT,REGISTERED NURSE INTENSIVE CARE UNIT
MANAGER CLINICAL PROGRAM,MANAGER CLINICAL PROGRAMS
CLINICAL PROGRAM MANAGER,MANAGER CLINICAL PROGRAMS
MANAGER OF CLINICAL PROGRAMS,MANAGER CLINICAL PROGRAMS
BUS DRIVERCHAUFFEUSE D'AUTOBUS,BUS DRIVERCHAUFFEUR D'AUTOBUS
MANAGER HR FIELD OPERATIONS,GRID OPERATIONS FIELD MANAGER
MANAGER FIELD OPERATIONS,GRID OPERATIONS FIELD MANAGER
PROFESSOR FRENCH,PROFESSOR OF FRENCH
CHIEF HUMAN RESOURCE OFFICER,CHIEF HUMAN RESOURCES OFFICER
CHIEF OF HUMAN RESOURCES,CHIEF HUMAN RESOURCES OFFICER
PHYSICIAN MÉDECIN,PHYSICIAN MÃ©DECIN
MÃ©DECIN PHYSICIAN,PHYSICIAN MÃ©DECIN
SENIOR INFORMATION AND INFORMATION TECHNOLOGY PROJECT MANAGER CHEF DE PROJET PRINCIPALE INFORMATION ET TECHNOLOGIE DE L'INFORMATION,SENIOR INFORMATION AND INFORMATION TECHNOLOGY PROJECT MANAGER CHEF DE PROJET PRINCIPAL INFORMATION ET TECHNOLOGIE DE L'INFORMATION
SENIOR INFORMATION AND INFORMATION TECHNOLOGY PROJECT MANAGER CHEF DE PROJET INFORMATION ET TECHNOLOGIE DE L'INFORMATION,SENIOR INFORMATION AND INFORMATION TECHNOLOGY PROJECT MANAGER CHEF DE PROJET PRINCIPAL INFORMATION ET TECHNOLOGIE DE L'INFORMATION
SENIOR PROJECT MANAGER INFORMATION AND INFORMATION TECHNOLOGY CHEF DE PROJET INFORMATION ET TECHNOLOGIE DE L'INFORMATION,SENIOR INFORMATION AND INFORMATION TECHNOLOGY PROJECT MANAGER CHEF DE PROJET PRINCIPAL INFORMATION ET TECHNOLOGIE DE L'INFORMATION
SENIOR INFORMATION AND INFORMATION TECHNOLOGY PROJECT MANAGER PRINCIPAL INFORMATION ET TECHNOLOGIE DE L'INFORMATION,SENIOR INFORMATION AND INFORMATION TECHNOLOGY PROJECT MANAGER CHEF DE PROJET PRINCIPAL INFORMATION ET TECHNOLOGIE DE L'INFORMATION
INFORMATION AND INFORMATION TECHNOLOGY PROJECT MANAGER CHEF DE PROJET INFORMATION ET TECHNOLOGIE DE L'INFORMATION,SENIOR INFORMATION AND INFORMATION TECHNOLOGY PROJECT MANAGER CHEF DE PROJET PRINCIPAL INFORMATION ET TECHNOLOGIE DE L'INFORMATION
PROF SCHOOL OF BUSINESS,PROFESSOR SCHOOL OF BUSINESS
CLIENT SERVICE DIRECTOR,DIRECTOR CLIENT SERVICES
DIRECTOR CLIENT SERVICE,DIRECTOR CLIENT SERVICES
DIRECTOR OF CLIENT SERVICES,DIRECTOR CLIENT SERVICES
DIRECT OF CLIENT SERVICE,DIRECTOR CLIENT SERVICES
DIRECTOR OF CLIENT SERVICE,DIRECTOR CLIENT SERVICES
MANAGER HEALTHY ENVIRONMENT,MANAGER HEALTHY ENVIRONMENTS
MANAGER ENVIRONMENTAL HEALTH,MANAGER HEALTHY ENVIRONMENTS
MANAGER HEALTHY BUILT ENVIRONMENTS,MANAGER HEALTHY ENVIRONMENTS
CFOASSISTANT DIRECTOR,ASSISTANT DIRECTOR
ASSISTANT TO DIRECTOR,ASSISTANT DIRECTOR
ASSISTANT CFO DIRECTOR,ASSISTANT DIRECTOR
ASSISTANT DIRECTOR ITS,ASSISTANT DIRECTOR
CLINICAL LEADERMANAGER,CLINICAL LEADER MANAGER
OFFICER OPERATIONS,OPERATIONS OFFICER
SCIENCE TEACHER,TEACHER SCIENCE
DISTRICT CHIEF FIREFIGHTING D,DISTRICT CHIEF FIREFIGHTING
DISTRICT CHIEF FIREFIGHTING C,DISTRICT CHIEF FIREFIGHTING
DISTRICT CHIEF FIREFIGHTING A,DISTRICT CHIEF FIREFIGHTING
DISTRICT CHIEF FIREFIGHTING B,DISTRICT CHIEF FIREFIGHTING
DISTRICT CHIEF OF FIREFIGHTING,DISTRICT CHIEF FIREFIGHTING
SENIOR IS CONSULTANT,SENIOR CONSULTANT
SENIOR HR CONSULTANT,SENIOR CONSULTANT
APPEALS RESOLUTION OFFICER\COMMISSAIRE AUX APPELS,APPEALS RESOLUTION OFFICER COMMISSAIRE AUX APPELS
AREA CONTRACT ENGINEER,AREA CONTRACTS ENGINEER
PROFESSOR MARKETING,PROFESSOR OF MARKETING
REGISTERED NURSEINFIRMIÈRE,REGISTERED NURSEINFIRMIÃ¨RE
REGISTERED NURSEINFIRMIERE,REGISTERED NURSEINFIRMIÃ¨RE
REGISTERED NURSEINFIRMIER,REGISTERED NURSEINFIRMIÃ¨RE
SUPERVISOR SERVICE,SERVICE SUPERVISOR
SERVICES SUPERVISOR,SERVICE SUPERVISOR
SUPERVISOR SERVICES,SERVICE SUPERVISOR
SUPERVISOR IN SERVICE,SERVICE SUPERVISOR
SUPERVISOR OF SERVICE,SERVICE SUPERVISOR
VICE PRESIDENT FINANCES,VICE PRESIDENT FINANCE
VICE PRÃ©SIDENT FINANCES,VICE PRESIDENT FINANCE
VICE PRESIDENT FINANCECFO,VICE PRESIDENT FINANCE
VICE PRESIDENT OF FINANCE,VICE PRESIDENT FINANCE
VICE PRESIDENT FINANCECIO,VICE PRESIDENT FINANCE
DEPARTMENT CHAIRPROFESSOR,PROFESSORDEPARTMENT CHAIR
DEPUTY DIRECTOR SOUSDIRECTEUR,DEPUTY DIRECTOR SOUSDIRECTRICE
DEPUTY DIRECTORSOUSDIRECTEUR,DEPUTY DIRECTOR SOUSDIRECTRICE
COMMISSIONERCOMMUNITY SERVICES,COMMISSIONER COMMUNITY SERVICES
COMMISSIONER COMMUNITY SERVICE,COMMISSIONER COMMUNITY SERVICES
COMMISSIONER OF COMMUNITY SERVICES,COMMISSIONER COMMUNITY SERVICES
COMMISSIONER COMMUNITY DEV SERVICES,COMMISSIONER COMMUNITY SERVICES
ACTING COMMISSIONER COMMUNITY SERVICES,COMMISSIONER COMMUNITY SERVICES
FACILITIES MANAGER,MANAGER FACILITIES
MANAGE FACILITIES,MANAGER FACILITIES
MANGER FACILITIES,MANAGER FACILITIES
MANAGER OF FACILITIES,MANAGER FACILITIES
MANAGER BUS FACILITIES,MANAGER FACILITIES
SITE PROJECT MANAGER,PROJECT SITE MANAGER
PROJECT MANAGER PSI,PROJECT SITE MANAGER
MANAGER PROJECT TEAM,PROJECT SITE MANAGER
PROJECT MANAGER TEMP,PROJECT SITE MANAGER
LEGISLATIVE COUNSEL (DES),LEGISLATIVE COUNSEL
LEGAL COUNSEL AVOCAT,LEGAL COUNSEL AVOCATE
LEGAL COUNSEL 4AVOCATE 4,LEGAL COUNSEL AVOCATE
ASSOCIATE LEGAL COUNSEL,LEGAL COUNSEL AVOCATE
LEGAL COUNSEL 4 AVOCATEÂ 4,LEGAL COUNSEL AVOCATE
LEGAL COUNSEL 4AVOCAT 4,LEGAL COUNSEL AVOCATE
ELECTRICIANFOREPERSON CONSTRUCTION,ELECTRICIAN JOURNEYPERSON CONSTRUCTION
ELECTRICIANSR FOREPERSON CONSTRUCTION,ELECTRICIAN JOURNEYPERSON CONSTRUCTION
ELECTRICIAN SUBFOREPERSON CONST,ELECTRICIAN SUBFOREPERSON CONSTRUCTION
CONSULTANT TEACHER,TEACHER CONSULTANT
SUPERVISOR MAINTENANCE MANAGEMENT SYSTEM,TRADES MANAGEMENT SUPERVISOR MAINTENANCE
SENIOR SCIENTISTVP RESEARCH,SENIOR RESEARCH SCIENTIST
SENIOR RESEARCH SCIENTIST OHRI,SENIOR RESEARCH SCIENTIST
ASSISTANT CITY SOLICITOR 2,ASSISTANT CITY SOLICITOR
ASSISTANT CITY SOLICITOR II,ASSISTANT CITY SOLICITOR
ASSISTANT COUNTY SOLICITOR,ASSISTANT CITY SOLICITOR
SUPERVISOR TECHNICAL,TECHNICAL SUPERVISOR
SENIOR FINANCIAL PLANNING ANALYST FIN,SENIOR FINANCIAL PLANNING ANALYST FINANCE
SENIOR PLANNING AND FINANCIAL ANALYST,SENIOR FINANCIAL PLANNING ANALYST FINANCE
FINANCIAL PLANNING ANALYST FINANCE,SENIOR FINANCIAL PLANNING ANALYST FINANCE
PROGRAM SUPPORT MANAGER,MANAGER PROGRAM SUPPORT
PROGRAMS SUPPORT MANAGER,MANAGER PROGRAM SUPPORT
MANAGER PROGRAM SUPPORT UNIT,MANAGER PROGRAM SUPPORT
WESTSUPERVISOR ROADS AND PARKS MAINTENANCE,SUPERVISOR ROADS AND PARKS MAINTENANCE
DIRECTOR MEDICAL,MEDICAL DIRECTOR
ER MEDICAL DIRECTOR,MEDICAL DIRECTOR
DIRECTOR MEDICALLTC,MEDICAL DIRECTOR
PRODUCTION SUPERVISOR TECHNICALCHEMIC,PRODUCTION SUPERVISOR TECHNICAL
PRODUCTION SUPERVISOR TECH,PRODUCTION SUPERVISOR TECHNICAL
ASSOCIATEPHYSICIAN,ASSOCIATE PHYSICIAN
ASSOCIATE DIRPHYSICIAN,ASSOCIATE PHYSICIAN
PROFESSOR DEAN,DEAN PROFESSOR
PROFESSOR ; DEAN,DEAN PROFESSOR
DEANPROFESSOR,DEAN PROFESSOR
DEANPROFESSORMD,DEAN PROFESSOR
PROFESSOR DANCE,DEAN PROFESSOR
MANAGER OF INFORMATION MANAGEMENT,MANAGER INFORMATION MANAGEMENT
MANAGER MANAGEMENT INFORMATION UNIT,MANAGER INFORMATION MANAGEMENT
MANAGER HEALTH INFORMATION MANAGEMENT,MANAGER INFORMATION MANAGEMENT
MANAGER INFORMATION MANAGEMENT SYSTEM,MANAGER INFORMATION MANAGEMENT
MANAGER INFORMATION MANAGEMENT OFFICE,MANAGER INFORMATION MANAGEMENT
TRANSIT CONTROL TECHNICIAN,TRAINING TECHNICIAN CONTROL
COMMISSIONER CORPORATE SERVICE,COMMISSIONER CORPORATE SERVICES
COMMISSIONER OF CORPORATE SERVICES,COMMISSIONER CORPORATE SERVICES
COMMISSIONER CORPORATE SERVICESCFO,COMMISSIONER CORPORATE SERVICES
COMMISSIONER CORPORATE SERVICES CFO,COMMISSIONER CORPORATE SERVICES
COMMISSIONERCORPORATE SERVICES CFO,COMMISSIONER CORPORATE SERVICES
GUIDANCE TEACHER,TEACHER GUIDANCE
TEACHER DANCE,TEACHER GUIDANCE
COORDINATORPROFESSOR,PROFESSOR COORDINATOR
PROFESSOR AND COORDINATOR,PROFESSOR COORDINATOR
COORDINATOR AND PROFESSOR,PROFESSOR COORDINATOR
PROCESS COORDINATOR,PROFESSOR COORDINATOR
DIRECTOR INTERNAL AUDITS,DIRECTOR INTERNAL AUDIT
DIRECTOR OF INTERNAL AUDIT,DIRECTOR INTERNAL AUDIT
DIRECTOR OF INTERNAL AUDITS,DIRECTOR INTERNAL AUDIT
ENSEIGNANTE ÉLÉMENTAIRE,ENSEIGNANTE ÃLÃ©MENTAIRE
ENSEIGNANTE Ã©LÃ©MENTAIRE,ENSEIGNANTE ÃLÃ©MENTAIRE
ENSEIGNANT ÃLÃ©MENTAIRE,ENSEIGNANTE ÃLÃ©MENTAIRE
ENSEIGNANT Ã©LÃ©MENTAIRE,ENSEIGNANTE ÃLÃ©MENTAIRE
ENSEIGNANT ÉLÉMENTAIRE,ENSEIGNANTE ÃLÃ©MENTAIRE
CHIEF NURS OFFICER,CHIEF NURSING OFFICER
EDUCATOR CLINICAL,CLINICAL EDUCATOR
PROFESSOR SCHULICH SCHOOL OF BUS,PROFESSOR SCHULICH SCHOOL OF BUSINESS
PROF SCHULICH SCHOOL OF BUSINESS,PROFESSOR SCHULICH SCHOOL OF BUSINESS
DIRECTOR OF COMMUNITY SERVICE,DIRECTOR OF COMMUNITY SERVICES
DIRECTOR OR COMMUNITY SERVICES,DIRECTOR OF COMMUNITY SERVICES
DIRECTOR COMMUNITY SERVICES,DIRECTOR OF COMMUNITY SERVICES
M DIRECTOR COMMUNITY SERVICES,DIRECTOR OF COMMUNITY SERVICES
EX DIRECTOR COMMUNITY SERVICES,DIRECTOR OF COMMUNITY SERVICES
COMMUNICATIONS MANAGER,MANAGER COMMUNICATIONS
MANAGER; COMMUNICATIONS,MANAGER COMMUNICATIONS
MANAGER COMMUNICATION,MANAGER COMMUNICATIONS
MANAGER OF COMMUNICATIONS,MANAGER COMMUNICATIONS
SR MANAGER COMMUNICATIONS,MANAGER COMMUNICATIONS
MANAGER WORK CENTRE MAINTENANCE,MANAGER WORK CENTREMAINTENANCE
SUPERVISOR COMMUNICATIONS,COMMUNICATIONS SUPERVISOR
SUPERVISOR COMMUNICATION,COMMUNICATIONS SUPERVISOR
COMMUNICATIONS SUPERVISOR 911,COMMUNICATIONS SUPERVISOR
COMMUNICATIONS SUPERVISOR FIRE,COMMUNICATIONS SUPERVISOR
COMMUNICATION SHIFT SUPERVISOR,COMMUNICATIONS SUPERVISOR
SECTION HEAD INFORMATION SYS,SECTION HEAD INFORMATION SYSTEMS
MANAGER PLANS REVIEW,MANAGER PLAN REVIEW
MANAGERPLAN REVIEW,MANAGER PLAN REVIEW
MANAGER PLANNING REVIEW,MANAGER PLAN REVIEW
CONSULTANT CURRICULUM,CURRICULUM CONSULTANT
CONSULTANTCURRICULUM,CURRICULUM CONSULTANT
ASSOCIATE PROFESSOR OF PSYCHOLOGY,ASSOCIATE PROFESSOR PSYCHOLOGY
ASSOCIATE PROFESSOR PSYCHOLOGIE,ASSOCIATE PROFESSOR PSYCHOLOGY
ASSOCIATE PROFESSORHEAD PSYCHOLOGY,ASSOCIATE PROFESSOR PSYCHOLOGY
ASSOCIATE HEADPROFESSOR PSYCHOLOGY,ASSOCIATE PROFESSOR PSYCHOLOGY
ASSOCIATE PROFESSOR SOCIOLOGY,ASSOCIATE PROFESSOR PSYCHOLOGY
NURSE PRACTITIONERINFIRMIÈRE PRATICIENNE,NURSE PRACTITIONERINFIRMIÃ¨RE PRATICIENNE
NURSE PRACTITIONERINFIRMIERE PRATICIENNE,NURSE PRACTITIONERINFIRMIÃ¨RE PRATICIENNE
NURSE PRACTITIONERINFIMIÃ¨RE PRATICIENNE,NURSE PRACTITIONERINFIRMIÃ¨RE PRATICIENNE
NURSE PRACTITIONERINFIRMIÈR PRATICIEN,NURSE PRACTITIONERINFIRMIÃ¨RE PRATICIENNE
NURSE PRACTITIONERINFIRMIER PRATICIEN,NURSE PRACTITIONERINFIRMIÃ¨RE PRATICIENNE
SENIOR MANAGER AUDIT,SENIOR AUDIT MANAGER
SENIOR IT AUDIT MANAGER,SENIOR AUDIT MANAGER
LIBRARY TEACHER,TEACHER LIBRARY
PROFESSOR BIOLOGICAL SCIENCES,PROFESSOR OF BIOLOGICAL SCIENCES
PROFESSOR (BIOLOGICAL SCIENCES),PROFESSOR OF BIOLOGICAL SCIENCES
PROFESSOR; HEAD BIOLOGICAL SCIENCES,PROFESSOR OF BIOLOGICAL SCIENCES
PROFESSOR HEAD BIOLOGICAL SCIENCES,PROFESSOR OF BIOLOGICAL SCIENCES
THERAPIST RESPIRATORY,RESPIRATORY THERAPIST
RESPIRTORY THERAPIST,RESPIRATORY THERAPIST
RESPIRATORY THERAPISTOR,RESPIRATORY THERAPIST
REG RESPIRATORY THERAPIST,RESPIRATORY THERAPIST
ANALYST TECHNICAL,TECHNICAL ANALYST
SENIOR ADVISOR PROGRAMS,SENIOR PROGRAM ADVISOR
SENIOR ADVISOR PROGRAMMING,SENIOR PROGRAM ADVISOR
SENIOR TAX PROGRAM ADVISOR,SENIOR PROGRAM ADVISOR
SENIOR PROGRAM AUDITOR,SENIOR PROGRAM ADVISOR
FIRST LINES MANAGER LINES,FIRST LINE MANAGER LINES
COMMANDER OF PARAMEDICS,PARAMEDIC COMMANDER
UNIT COMMAND,UNIT COMMANDER
DIRECTOR PATIENT CARE,PATIENT CARE DIRECTOR
DIRECTOR OF PATIENT CARE,PATIENT CARE DIRECTOR
SENIOR INFRASTRUCTURE PROJECT ENGINEER,SENIOR ENGINEER INFRASTRUCTURE PROJECTS
SENIOR ENGINEER INFRASTRUCTURE PROJECT,SENIOR ENGINEER INFRASTRUCTURE PROJECTS
SNR INFRASTRUCTURE PROJECT ENGINEER,SENIOR ENGINEER INFRASTRUCTURE PROJECTS
SENIOR INFRASTRUCTURESPECIAL PROJECT ENGINEER,SENIOR ENGINEER INFRASTRUCTURE PROJECTS
TECHNICAL SERVICES MANAGER,MANAGER TECHNICAL SERVICES
MANAGER TECHNICAL SERVICE,MANAGER TECHNICAL SERVICES
MANAGER OF TECHNICAL SERVICES,MANAGER TECHNICAL SERVICES
MANAGER IS TECHNICAL SERVICES,MANAGER TECHNICAL SERVICES
MANAGER ITS TECHNICAL SERVICES,MANAGER TECHNICAL SERVICES
DIRECTOR OF ENGINEERING SERVICES,DIRECTOR ENGINEERING SERVICES
DIRECTOR PLANT ENGINEERING SERVICES,DIRECTOR ENGINEERING SERVICES
PROFESSOR OSGOOD HALL LAW SCHOOL,PROFESSOR OSGOODE HALL LAW SCHOOL
UNIV PROFESSOR OSGOODE HALL LAW SCHOOL,PROFESSOR OSGOODE HALL LAW SCHOOL
PROFESSOR OSGOODE LAW SCHOOL,PROFESSOR OSGOODE HALL LAW SCHOOL
PROF OSGOODE HALL LAW SCHOOL,PROFESSOR OSGOODE HALL LAW SCHOOL
COORDINATOR PROGRAMS,PROGRAM COORDINATOR
PROGRAMS COORDINATOR,PROGRAM COORDINATOR
PROGRAMME COORDINATOR,PROGRAM COORDINATOR
SR PROGRAM COORDINATOR,PROGRAM COORDINATOR
TRU PROGRAM COORDINATOR,PROGRAM COORDINATOR
CHIEF TRANINING OFFICER,CHIEF TRAINING OFFICER
FIRE CHIEF TRAINING OFFICER,CHIEF TRAINING OFFICER
CHIEF TRAINING OFFICER FIRE,CHIEF TRAINING OFFICER
CHIEF FIRE TRAINING OFFICER,CHIEF TRAINING OFFICER
ASST CHIEF TRAINING OFFICER,CHIEF TRAINING OFFICER
COORDINATORCOORDONNATEUR,COORDINATOR COORDONNATEUR
COORDINATOR 3 COORDONNATEUR 3,COORDINATOR COORDONNATEUR
COORDINATOR 2 COORDONNATEUR 2,COORDINATOR COORDONNATEUR
COORDINATORCOORDINATEUR,COORDINATOR COORDONNATEUR
COORDONNATEUR(RICE) COORDINATOR,COORDINATOR COORDONNATEUR
ENGINEER FIRE PROTECTION,FIRE PROTECTION ENGINEER
SUPERVISOR COMMUNITY RELATIONS,SUPERVISOR COMMUNITY RECREATION
SUPERVISOR COMMUNITY EDUCATION,SUPERVISOR COMMUNITY RECREATION
INSPECTOR FIRE,FIRE INSPECTOR
FIRE INSPECTOR 1,FIRE INSPECTOR
FIELD INSPECTOR,FIRE INSPECTOR
TECHNOLOGIST CHARGE,CHARGE TECHNOLOGIST
CHARGE TECHNOLOGIST CT,CHARGE TECHNOLOGIST
CHARGE MRI TECHNOLOGIST,CHARGE TECHNOLOGIST
CHARGE TECHNOLOGIST LAB,CHARGE TECHNOLOGIST
CROWN ATTORNEY PROCUREURE DE LA COURONNE,CROWN ATTORNEY PROCUREUR DE LA COURONNE
REGISTERED NURSEINFIRMIÈRE DIPLÔMÉE,REGISTERED NURSEINFIRMIÃ¨RE DIPLÃ´MÃ©E
SUPPORT SERVICES DIRECTOR,DIRECTOR SUPPORT SERVICES
DIRECTOR SUPPORT SERVICE,DIRECTOR SUPPORT SERVICES
DIRECTOR OF SUPPORT SERVICES,DIRECTOR SUPPORT SERVICES
DIRECTOR HR SUPPORT SERVICES,DIRECTOR SUPPORT SERVICES
DIRECTOR SUPPORT SERVICES ER,DIRECTOR SUPPORT SERVICES
DATABASE ADMINISTRATOR SENIOR,SENIOR DATABASE ADMINISTRATOR
SENIOR DATA ADMINISTRATOR,SENIOR DATABASE ADMINISTRATOR
VICE PRESIDENT (RESEARCH),VICE PRESIDENT RESEARCH
VICE PRESIDENT: RESEARCH,VICE PRESIDENT RESEARCH
VICE PRESIDENTRESEARCH,VICE PRESIDENT RESEARCH
VICE PRESIDENT UNIV RESEARCH,VICE PRESIDENT RESEARCH
PROFESSORHEAD MATHEMATICS AND STATISTICS,PROFESSOR MATHEMATICS AND STATISTICS
PROFESSOR; HEAD MATHEMATICS AND STATISTICS,PROFESSOR MATHEMATICS AND STATISTICS
PROFESSOR; HEAD MATHEMATICS AND STATISTICS;,PROFESSOR MATHEMATICS AND STATISTICS
PROFESSOR HEAD MATHEMATICS AND STATISTICS,PROFESSOR MATHEMATICS AND STATISTICS
PROF MATHEMATICS AND STATISTICS,PROFESSOR MATHEMATICS AND STATISTICS
SENIOR PROJECT MANAGER\CHEF PRINCIPAL DE PROJET,SENIOR PROJECT MANAGER CHEF DE PROJET PRINCIPAL
SENIOR PROJECT MANAGER CHEF PRINCIPAL DE PROJET,SENIOR PROJECT MANAGER CHEF DE PROJET PRINCIPAL
SENIOR PROJECT MANAGER CHEF DE PROJET PRINCIPALE,SENIOR PROJECT MANAGER CHEF DE PROJET PRINCIPAL
SENIOR PROJECT MANAGER CHEF DE PROJETS PRINCIPAL,SENIOR PROJECT MANAGER CHEF DE PROJET PRINCIPAL
SENIOR PROJECT MANAGER CHEF PRINCIPALE DE PROJET,SENIOR PROJECT MANAGER CHEF DE PROJET PRINCIPAL
DUTY COUNSEL CRIMINALAVOCAT DE SERVICE EN DROIT CRIMINEL,DUTY COUNSEL CRIMINALAVOCATE DE SERVICE EN DROIT CRIMINEL
PROFESSOR RELIGION,PROFESSOR OF RELIGION
MAINTENANCE SPECIALIST STRAT,MAINTENANCE SPECIALIST STRATEGY
MANAGER OF HEALTH PROTECTION,MANAGER HEALTH PROTECTION
MANAGER HEALTH PROMOTION,MANAGER HEALTH PROTECTION
SENIOR LEGAL COUNSEL AVOCAT PRINCIPAL,SENIOR LEGAL COUNSEL AVOCATE PRINCIPALE
SENIOR COUNSEL AVOCATE PRINCIPALE,SENIOR LEGAL COUNSEL AVOCATE PRINCIPALE
SENIOR LEGAL COUNSEL AVOCATCONSEIL PRINCIPAL,SENIOR LEGAL COUNSEL AVOCATE PRINCIPALE
COUNSEL SENIOR AVOCATE PRINCIPALE,SENIOR LEGAL COUNSEL AVOCATE PRINCIPALE
SENIOR LEGAL COUNSEL AVOCATECONSEIL PRINCIPALE,SENIOR LEGAL COUNSEL AVOCATE PRINCIPALE
SUPERVISOR FACILITIES,FACILITIES SUPERVISOR
SUPERVISOR OF FACILITIES,FACILITIES SUPERVISOR
FACILITY SUPERVISOR,FACILITIES SUPERVISOR
FINANCE MANAGER,MANAGER FINANCE
MANAGER FINANCES,MANAGER FINANCE
MANGER FINANCE,MANAGER FINANCE
MANAGER OF FINANCE,MANAGER FINANCE
CONSULTANT PSYCHOEDUCATIONAL,PSYCHOEDUCATIONAL CONSULTANT
NURSING UNIT ADMINISTATOR,NURSING UNIT ADMINISTRATOR
NUSING UNIT ADMINISTRATOR,NURSING UNIT ADMINISTRATOR
ASSOCIATE VICE PRESIDENT QA,ASSOCIATE VICE PRESIDENT
ASSOCIATE VICE PRESIDENTCFO,ASSOCIATE VICE PRESIDENT
ASSOCIATE VICE PRESIDENT MHS,ASSOCIATE VICE PRESIDENT
VICE PRESIDENT SENIOR,SENIOR VICE PRESIDENT
SENIOR VICE PRESIDENTCFO,SENIOR VICE PRESIDENT
SENIOR VICE PRESIDENTCOO,SENIOR VICE PRESIDENT
SENIOR VICE PRESIDENT CFO,SENIOR VICE PRESIDENT
PROFESSOR AND DEAN DALLA LANA SCHOOL OF PUBLIC HEALTH,PROFESSOR DALLA LANA SCHOOL OF PUBLIC HEALTH
ASSOCIATE PROFESSOR DALLA LANA SCHOOL OF PUBLIC HEALTH,PROFESSOR DALLA LANA SCHOOL OF PUBLIC HEALTH
ASSISTANT PROFESSOR DALLA LANA SCHOOL OF PUBLIC HEALTH,PROFESSOR DALLA LANA SCHOOL OF PUBLIC HEALTH
CONSTABLE SPECIALIST,SPECIAL CONSTABLE
FACILITIES MANAGEMENT SUPERVISOR,SUPERVISOR FACILITIES MANAGEMENT
FACILITY MANAGEMENT SUPERVISOR,SUPERVISOR FACILITIES MANAGEMENT
SUPERVISOR FACILITY MANAGEMENT,SUPERVISOR FACILITIES MANAGEMENT
SUPERVISOR FACILITIES ASSET MANAGEMENT,SUPERVISOR FACILITIES MANAGEMENT
SUPERVISOR FACILITIES MGMT,SUPERVISOR FACILITIES MANAGEMENT
EMERGENCY REGISTERED NURSE,REGISTERED NURSE EMERGENCY
SHIFT SUPERINTENDENT B,SHIFT SUPERINTENDENT
SENIOR MANAGER PROJECTS CHEF PROJETS,SENIOR PROJECT MANAGER CHEF DE PROJET
SENIOR PROJECT MANAGERE DE PROJET,SENIOR PROJECT MANAGER CHEF DE PROJET
VICE PRESIDENT PATIENT SERVICE,VICE PRESIDENT PATIENT SERVICES
VICE PRESIDENT OF PATIENT SERVICES,VICE PRESIDENT PATIENT SERVICES
VICE PRESIDENT PATIENT SERVICES OAI,VICE PRESIDENT PATIENT SERVICES
VICE PRESIDENT PATIENT SERVICES CNE,VICE PRESIDENT PATIENT SERVICES
VICE PRESIDENT PATIENT CARE SERVICES,VICE PRESIDENT PATIENT SERVICES
PLATOON CHIEF FIRE,FIRE PLATOON CHIEF
PLATOON CHIEFFIRE,FIRE PLATOON CHIEF
VICEDOYEN VICEDEAN,VICEDOYEN(NE) VICEDEAN
INFORMATION SYSTEMS MANAGER,MANAGER INFORMATION SYSTEMS
INFORMATION SYSTEM MANAGER,MANAGER INFORMATION SYSTEMS
MANAGER OF INFORMATION SYSTEMS,MANAGER INFORMATION SYSTEMS
SR MANAGER INFORMATION SYSTEMS,MANAGER INFORMATION SYSTEMS
MANAGER HR INFORMATION SYSTEMS,MANAGER INFORMATION SYSTEMS
PROFESSOR CLASSICS,PROFESSOR OF CLASSICS
DIRECTOR EXECUTIVE: HUMAN RESOURCES,EXECUTIVE DIRECTOR HUMAN RESOURCES
EXECUTIVE DIRECTOR OF HUMAN RESOURCES,EXECUTIVE DIRECTOR HUMAN RESOURCES
EXECUTIVE DIRECTOR HUMAN RESOURCES GAMING,EXECUTIVE DIRECTOR HUMAN RESOURCES
ACTING EXECUTIVE DIRECTOR HUMAN RESOURCES,EXECUTIVE DIRECTOR HUMAN RESOURCES
EXECUTIVE DIRECTOR RESOURCES,EXECUTIVE DIRECTOR HUMAN RESOURCES
ACCOUNTANTCOMPTABLE,ACCOUNTANT COMPTABLE
PROFESSOR PHARMACY,PROFESSOR OF PHARMACY
PROFESSOR OF PHARMACOLOGY,PROFESSOR OF PHARMACY
DIRECTOR MANAGEMENT INFORMATION,DIRECTOR INFORMATION MANAGEMENT
DIRECTOR OF INFORMATION MANAGEMENT,DIRECTOR INFORMATION MANAGEMENT
DIRECTOR HEALTH INFORMATION MANAGEMENT,DIRECTOR INFORMATION MANAGEMENT
DIRECTOR INFORMATION MANAGEMENT BRANCH,DIRECTOR INFORMATION MANAGEMENT
ACTING DIRECTOR INFORMATION MANAGEMENT,DIRECTOR INFORMATION MANAGEMENT
RESOURCE NURSE CLINICAL,CLINICAL RESOURCE NURSE
CLINICAL RESOURCE NURSE SPEC,CLINICAL RESOURCE NURSE
CONSULTANT SECONDARY TEACHER,SECONDARY TEACHER CONSULTANT
TEACHER CONSULTANT SECONDARY,SECONDARY TEACHER CONSULTANT
SECONDARY TEACHING CONSULTANT,SECONDARY TEACHER CONSULTANT
PARKS SUPERVISOR,SUPERVISOR PARKS
SUPERVISOR OF PARKS,SUPERVISOR PARKS
PRODUCTION SUPERVISOR SHIFT ENG,PRODUCTION SUPERVISOR SHIFT ENGINEER
POLICE 1ST CLASS CONSTABLE,CONSTABLE 1ST CLASS POLICE
1ST CLASS POLICE CONSTABLE,CONSTABLE 1ST CLASS POLICE
POLICE CONSTABLE 1ST CLASS,CONSTABLE 1ST CLASS POLICE
CLINICAL SERVICES DIRECTOR,DIRECTOR CLINICAL SERVICES
DIRECTOR CLINICAL SERVICE,DIRECTOR CLINICAL SERVICES
DIRECTOR OF CLINICAL SERVICES,DIRECTOR CLINICAL SERVICES
DIRECTOR CLINICAL SERVICES F2,DIRECTOR CLINICAL SERVICES
CLINICAL DIRECTOR LAB SERVICES,DIRECTOR CLINICAL SERVICES
LINE SR FOREPERSON CONSTRUCTION,LINE FOREPERSON CONSTRUCTION
LINE JOURNEYPERSON CONSTRUCTION,LINE FOREPERSON CONSTRUCTION
LINESENIOR FOREPERSON CONSTRUCTION,LINE FOREPERSON CONSTRUCTION
FOREPERSON CONSTRUCTION,LINE FOREPERSON CONSTRUCTION
CARPENTE FOREMAN CONSTRUCTION,CARPENTER FOREMAN CONSTRUCTION
CARPENTER SUBFOREMAN CONSTRUCTION,CARPENTER FOREMAN CONSTRUCTION
INTERNAL AUDIT MANAGER,MANAGER INTERNAL AUDIT
MANAGER OF INTERNAL AUDIT,MANAGER INTERNAL AUDIT
DIVISIONAL MANAGER BUS AND RAIL TRANSPORTATION,DIVISIONAL ASSISTANT MANAGER BUS AND RAIL TRANSPORTATION
PSYCHOMETRIST II,PSYCHOMETRIST
ASSOCIATE PROF SCHOOL OF BUSINESS,ASSOCIATE PROFESSOR SCHOOL OF BUSINESS
ASSISTANT PROFESSOR SCHOOL OF BUSINESS,ASSOCIATE PROFESSOR SCHOOL OF BUSINESS
ASSOCIATE PROFESSOR SCHOOL OF NURSING,ASSOCIATE PROFESSOR SCHOOL OF BUSINESS
ASSOCIATE PROFESSOR QUEEN'S SCHOOL OF BUSINESS,ASSOCIATE PROFESSOR SCHOOL OF BUSINESS
ASSOCIATE PROFESSOR SCHOOL OF MUSIC,ASSOCIATE PROFESSOR SCHOOL OF BUSINESS
ENVIRONMENTAL SERVICES DIRECTOR,DIRECTOR ENVIRONMENTAL SERVICES
DIRECTOR ENVIRONMENTAL SERVICE,DIRECTOR ENVIRONMENTAL SERVICES
DIRECTOR ENVIRONMENT SERVICES,DIRECTOR ENVIRONMENTAL SERVICES
DIRECTOR ENVIORNMENTAL SERVICES,DIRECTOR ENVIRONMENTAL SERVICES
DIRECTOR OF ENVIRONMENTAL SERVICES,DIRECTOR ENVIRONMENTAL SERVICES
ANALYSTANALYSTE,ANALYST ANALYSTE
PROFESSORCHAIRCANADA RESEARCH CHAIR,PROFESSORCANADA RESEARCH CHAIR
PROFESSORCANADA RESEARCH CHAIR TIER I,PROFESSORCANADA RESEARCH CHAIR
PRINCIPAL CENTRAL COORDINATING,CENTRAL COORDINATING PRINCIPAL
CENTRAL COORDINATING VICE PRINCIPAL,CENTRAL COORDINATING PRINCIPAL
ASSISTANT GENERAL COUNSEL NUC,ASSISTANT GENERAL COUNSEL
SUPERINTENDENT ROADS OPERATIONS,SUPERINTENDENT AREA ROAD OPERATIONS
SUPERINTENDENT OF OPERATIONS (ROADS),SUPERINTENDENT AREA ROAD OPERATIONS
CORPORATE DIRECTOR COMMUNICATIONS,DIRECTOR CORPORATE COMMUNICATIONS
DIRECTOR CORPORATE COMMUNICATION,DIRECTOR CORPORATE COMMUNICATIONS
DIRECTOR OF CORPORATE COMMUNICATIONS,DIRECTOR CORPORATE COMMUNICATIONS
DIRECTOR CORPORATION COMMUNICATIONS,DIRECTOR CORPORATE COMMUNICATIONS
POLICE DIRECTOR CORPORATE COMMUNICATIONS,DIRECTOR CORPORATE COMMUNICATIONS
SUPERINTENDENT TECHNICAL,TECHNICAL SUPERINTENDENT
TRAINING TECHNICIAN MECHANIC,TRAINING TECHNICIAN MECHANICAL
CAOASSISTANT DEPUTY MINISTER,ASSISTANT DEPUTY MINISTER
ASSISTANT DEPUTY MINISTER HRD,ASSISTANT DEPUTY MINISTER
ASSISTANT DEPUTY MINISTER CSD,ASSISTANT DEPUTY MINISTER
ASSISTANT DEPUTY MINISTER IAD,ASSISTANT DEPUTY MINISTER
ASSISTANT DEPUTY MINISTER PMED,ASSISTANT DEPUTY MINISTER
REGIONAL MAINTAINER II MECHANICAL,REGIONAL MAINTAINER I MECHANICAL
REGIONAL MAINTAINER MECHANICAL,REGIONAL MAINTAINER I MECHANICAL
REGIONAL MAINTAINER MECHANIC,REGIONAL MAINTAINER I MECHANICAL
REGIONAL MAINTAINER MECHNCL,REGIONAL MAINTAINER I MECHANICAL
REGIONAL MAINTAINER MECHANICAL UTS,REGIONAL MAINTAINER I MECHANICAL
ANALYST INFORMATION TECHNOLOGY,INFORMATION TECHNOLOGY ANALYST
INFOMATION TECHNOLOGY ANALYST,INFORMATION TECHNOLOGY ANALYST
INFORMATION TECHNOLOGY ANALYST I,INFORMATION TECHNOLOGY ANALYST
INFORMATION TECHNOLOGY ANALYST 5,INFORMATION TECHNOLOGY ANALYST
INFORMATION TECHNOLOGY ASSET ANALYST,INFORMATION TECHNOLOGY ANALYST
ACTING MANAGER CHILD AND FAMILY HEALTH,MANAGER CHILD AND FAMILY HEALTH
LIBRARIAN II,LIBRARIAN III
PURCHASING MANAGER,MANAGER PURCHASING
MANAGER OF PURCHASING,MANAGER PURCHASING
FIRST LINE MANAGER ASSISTANT EMERGENCY RESPONSE,EMERGENCY RESPONSE MAINTAINER FIRST LINE MANAGER ASSISTANT
EMERGENCY RESPONSE MAINTAINERFIRST LINE MANAGER ASSISTANT,EMERGENCY RESPONSE MAINTAINER FIRST LINE MANAGER ASSISTANT
VICE PRESIDENT CLINICAL SERVICE,VICE PRESIDENT CLINICAL SERVICES
VICE PRESIDENT OF CLINICAL SERVICES,VICE PRESIDENT CLINICAL SERVICES
VICE PRESIDENT CLINICAL SERVICESCNO,VICE PRESIDENT CLINICAL SERVICES
VICE PRESIDENT CLINICAL SERVICES RURAL,VICE PRESIDENT CLINICAL SERVICES
VICE PRESIDENT CLINICAL SRVCSCNO,VICE PRESIDENT CLINICAL SERVICES
CHILD WELFARE SUPERVISOR,SUPERVISOR CHILD WELFARE
SUPERVISOR OF CHILD WELFARE,SUPERVISOR CHILD WELFARE
PROTECTION AND CONTROL ENGOFFICER,PROTECTION AND CONTROL ENGINEER
SENIOR PROTECTION AND CONTROL ENGINEER,PROTECTION AND CONTROL ENGINEER
PROTECTION AND CONTROL ENGINEEROFFICER,PROTECTION AND CONTROL ENGINEER
GENERAL PRACTITIONER IN ONCOLOGY,GENERAL PRACTITIONER ONCOLOGY
GENERAL PRACTITIONER OF ONCOLOGY,GENERAL PRACTITIONER ONCOLOGY
GENERAL PRACTITIONER ONCOLOGUE,GENERAL PRACTITIONER ONCOLOGY
GENERAL PRACTIONER IN ONCOLOGY,GENERAL PRACTITIONER ONCOLOGY
PROFESSOR AND CHAIR OF PHYSICAL AND ENVIRONMENTAL SCIENCES,PROFESSOR OF PHYSICAL AND ENVIRONMENTAL SCIENCES
PROJECT MANAGERCHEF DE PROJETS,PROJECT MANAGERCHEF DE PROJET
MANAGER LIBRARY SERVICES,LIBRARY SERVICE MANAGER
MANAGER OF LIBRARY SERVICES,LIBRARY SERVICE MANAGER
MANAGER LABORATORY SERVICE,LIBRARY SERVICE MANAGER
MANAGER BENEFITS AND COMPENSATION,MANAGER COMPENSATION AND BENEFITS
COMPENSATION AND BENEFITS MANAGER,MANAGER COMPENSATION AND BENEFITS
MANAGER COMPENATION AND BENEFITS,MANAGER COMPENSATION AND BENEFITS
MANAGER OF COMPENSATION AND BENEFITS,MANAGER COMPENSATION AND BENEFITS
HR MANAGER COMPENSATION AND BENEFITS,MANAGER COMPENSATION AND BENEFITS
DIRECTORFACILITIES MANAGEMENT,DIRECTOR FACILITIES MANAGEMENT
DIRECTOR OF FACILITIES MANAGEMENT,DIRECTOR FACILITIES MANAGEMENT
DIRECTOR FACILITY MANAGEMENT,DIRECTOR FACILITIES MANAGEMENT
SENIOR DIRECTOR FACILITIES MANAGEMENT,DIRECTOR FACILITIES MANAGEMENT
ANALYST NETWORK,NETWORK ANALYST
ANALYSTNETWORK,NETWORK ANALYST
NETWORK ANALYST I,NETWORK ANALYST
SR NETWORK ANALYST,NETWORK ANALYST
MANAGER OF DESIGN AND CONSTRUCTION,MANAGER DESIGN AND CONSTRUCTION
MANAGER ROAD DESIGN AND CONSTRUCTION,MANAGER DESIGN AND CONSTRUCTION
PROG MANAGER DESIGN AND CONSTRUCTION,MANAGER DESIGN AND CONSTRUCTION
MANAGER CONSTRUCTION DESIGN,MANAGER DESIGN AND CONSTRUCTION
MANAGER DESIGN AND CONSTRUCTION (EAST),MANAGER DESIGN AND CONSTRUCTION
SCIENTIST RESEARCH,RESEARCH SCIENTIST
SCIENTIST I RESEARCH,RESEARCH SCIENTIST
SCIENTIST I: RESEARCH,RESEARCH SCIENTIST
SCIENTISTVP RESEARCH,RESEARCH SCIENTIST
SCIENTIST II RESEARCH,RESEARCH SCIENTIST
ASSOCIATE DEAN PROFESSORMEDICAL DOCTOR,ASSOCIATE PROFESSORMEDICAL DOCTOR
ASSOCIATE PROFMEDICAL DOCTOR,ASSOCIATE PROFESSORMEDICAL DOCTOR
ASSISTANT PROFESSORMEDICAL DOCTOR,ASSOCIATE PROFESSORMEDICAL DOCTOR
TEACHER ELEMENTARY SPECIAL EDUCATION,ELEMENTARY TEACHER SPECIAL EDUCATION
TEACHER PHYSICAL EDUCATION ELEMENTARY,ELEMENTARY TEACHER SPECIAL EDUCATION
PROFESSOR OF LABORATORY MEDICINE AND PATHOBIOLOGY,PROFESSOR LABORATORY MEDICINE AND PATHOBIOLOGY
PROFESSORCHAIR LABORATORY MEDICINE AND PATHOBIOLOGY,PROFESSOR LABORATORY MEDICINE AND PATHOBIOLOGY
PROF LABORATORY MEDICINE AND PATHOBIOLOGY,PROFESSOR LABORATORY MEDICINE AND PATHOBIOLOGY
PROFESSOR LAB MEDICINE AND PATHOBIOLOGY,PROFESSOR LABORATORY MEDICINE AND PATHOBIOLOGY
PROFESSOR MEDICINE LABORATORY MEDICAL AND PATHOBIOLOGY,PROFESSOR LABORATORY MEDICINE AND PATHOBIOLOGY
MECHANICAL MAINTAINER UNION TRADES SUPV,MECHANICAL MAINTAINER UNION TRADES SUPERVISOR
BUSINESS SERVICES MANAGER,MANAGER BUSINESS SERVICES
MANAGER OF BUSINESS SERVICES,MANAGER BUSINESS SERVICES
SR MANAGER BUSINESS SERVICES,MANAGER BUSINESS SERVICES
MANAGER II BUSINESS SERVICES,MANAGER BUSINESS SERVICES
MANAGER BUSINESS SERVICES EAST,MANAGER BUSINESS SERVICES
DIRECTOR OF BUSINESS SERVICES,DIRECTOR BUSINESS SERVICES
DIRECTOR BUSINESS SERVICES BR,DIRECTOR BUSINESS SERVICES
DIRECTOR BUSINESS SERVICES (CSH),DIRECTOR BUSINESS SERVICES
DIRECTOR BUSINESS SERVICES UTM,DIRECTOR BUSINESS SERVICES
BARRIE POLICE SERVICE CONSTABLE,BARRIE POLICE SERVICES CONSTABLE
BARRIE POLICES SERVICES CONSTABLE,BARRIE POLICE SERVICES CONSTABLE
MANAGER YOUTH SERVICES,YOUTH SERVICES MANAGER
YOUTH SERVICE MANAGER,YOUTH SERVICES MANAGER
MANAGER OF YOUTH SERVICES,YOUTH SERVICES MANAGER
MANAGER YOA SERVICES,YOUTH SERVICES MANAGER
TECHNICAL ANALYST CONSTRUCTION INSPECTIONS,TECHNICAL ANALYST CONSTRUCTION INSPECTOR
TECH ANALYST CONSTRUCTION INSPECTOR,TECHNICAL ANALYST CONSTRUCTION INSPECTOR
TECHNOLOGY ANALYST CONSTRUCTION INSPECTOR,TECHNICAL ANALYST CONSTRUCTION INSPECTOR
PRESIDING JUSTICE OF THE PEACE JUGE DE PAIX PRÃ©SIDENT,PRESIDING JUSTICE OF THE PEACE JUGE DE PAIX PRÃ©SIDENTE
SENIOR PROGRAMER ANALYST,SENIOR PROGRAM ANALYST
SENIOR PROGRAMMER ANALYST,SENIOR PROGRAM ANALYST
SENIOR ANALYST PROGRAMMER,SENIOR PROGRAM ANALYST
SENIOR PROGRAMMING ANALYST,SENIOR PROGRAM ANALYST
SENIOR ANALYSTPROGRAMMER,SENIOR PROGRAM ANALYST
DIRECTOR PLANNING,DIRECTOR OF PLANNING
PLANNING DIRECTOR,DIRECTOR OF PLANNING
DIRECTOR GIFT PLANNING,DIRECTOR OF PLANNING
DIRECTOR IT PLANNING,DIRECTOR OF PLANNING
SENIOR TELECOM ENGINEER OFFICER,SENIOR TELECOM ENGINEEROFFICER
SENIOR TELECOMM ENGINEER OFFICER,SENIOR TELECOM ENGINEEROFFICER
SR TELECOM ENGINEEROFFICER,SENIOR TELECOM ENGINEEROFFICER
SR TELECOM ENGINEER OFFICER,SENIOR TELECOM ENGINEEROFFICER
MECH MAINTAINER UNION TRADES SUPVR,MECH MAINTAINER UNION TRADES SUPERV
ASSISTANT DIRECTOR PUBLIC HEALTH,ASSOCIATE DIRECTOR PUBLIC HEALTH
ENVIRONMENTAL SERVICES MANAGER,MANAGER ENVIRONMENTAL SERVICES
MANAGER ENVIRONMENTAL SERVICE,MANAGER ENVIRONMENTAL SERVICES
MANAGER OF ENVIRONMENTAL SERVICES,MANAGER ENVIRONMENTAL SERVICES
MANAGER ENVIRONMENTAL SERVICES DESIGN,MANAGER ENVIRONMENTAL SERVICES
SENIOR MANAGER ENVIRONMENTAL SERVICES,MANAGER ENVIRONMENTAL SERVICES
MANAGER ENGINEERING DEVELOPMENT,MANAGER DEVELOPMENT ENGINEERING
MANAGER OF DEVELOPMENT ENGINEERING,MANAGER DEVELOPMENT ENGINEERING
MANAGER DEVELOPMENT ENGINEER,MANAGER DEVELOPMENT ENGINEERING
MANAGER DEVELOPMENT ENGINEERING TANDW,MANAGER DEVELOPMENT ENGINEERING
SENIOR MANAGER DEVELOPMENT ENGINEERING,MANAGER DEVELOPMENT ENGINEERING
SENIOR TRAINING OFFICER EP,SENIOR TRAINING OFFICER
SENIOR FIRE TRAINING OFFICER,SENIOR TRAINING OFFICER
EXECUTIVE VICE PRESIDENTCOO,EXECUTIVE VICE PRESIDENT
EXECUTIVE VICE PRESIDENT HR,EXECUTIVE VICE PRESIDENT
EXECUTIVE VICE PRESIDENTCFO,EXECUTIVE VICE PRESIDENT
EXECUTIVE VICE PRESIDENT COO,EXECUTIVE VICE PRESIDENT
EXECUTIVE VICE PRESIDENT CFO,EXECUTIVE VICE PRESIDENT
FIRE DISTRICT CHIEF,DISTRICT CHIEF FIRE
DISTRICT FIRE CHIEF,DISTRICT CHIEF FIRE
SENIOR SECTOR SPECIALIST,SENIOR NETWORK SPECIALIST
SPECIAL PROJECTS MANAGER,MANAGER SPECIAL PROJECTS
MANAGER (SPECIAL PROJECTS),MANAGER SPECIAL PROJECTS
SPECIAL PROJECT MANAGER,MANAGER SPECIAL PROJECTS
MANAGER SPECIAL PROJECT,MANAGER SPECIAL PROJECTS
MANAGER OF SPECIAL PROJECTS,MANAGER SPECIAL PROJECTS
REGISTERED NURSE INFIRMIÃ¨RE ENREGISTRÃ©E,REGISTERED NURSE INFIRMIERE ENREGISTRE
REGISTERED NURSE INFIRMIÃ¨RE ENREGISTRE,REGISTERED NURSE INFIRMIERE ENREGISTRE
SENIOR SYSTEMS DEVELOPER INTEGRATOR,SENIOR SYSTEMS DEVELOPERINTEGRATOR
ADMINISTRATION DIRECTOR,DIRECTOR ADMINISTRATION
DIRECTOR OF ADMINISTRATION,DIRECTOR ADMINISTRATION
ADMINISTRATIVE DIRECTOR,DIRECTOR ADMINISTRATION
DIRECTOR ADMINISTRATIVE,DIRECTOR ADMINISTRATION
DIRECTOR LOAN ADMINISTRATION,DIRECTOR ADMINISTRATION
SUPERINTENDENT HUMAN RESOURCES,SUPERINTENDENT OF HUMAN RESOURCES
SUPERINTENDENT OF HUMAN RESOURCES SRV,SUPERINTENDENT OF HUMAN RESOURCES
SUPERINTENDANT HUMAN RESOURCES,SUPERINTENDENT OF HUMAN RESOURCES
SUPERINTENDENT HUMAN RESOURSES,SUPERINTENDENT OF HUMAN RESOURCES
SENIOR CONSULTANT HUMAN RESOURCES,SENIOR HUMAN RESOURCES CONSULTANT
SENIRO HUMAN RESOURCES CONSULTANT,SENIOR HUMAN RESOURCES CONSULTANT
SENIOR HUMAN RESOURCES CONSULTANT POLICY,SENIOR HUMAN RESOURCES CONSULTANT
MANAGER PROJECTS DESIGN,MANAGER DESIGN PROJECTS
MANAGER PROJECT DESIGN,MANAGER DESIGN PROJECTS
PROJECT MANAGER DESIGN,MANAGER DESIGN PROJECTS
SR PROJECT MANAGER DESIGN,MANAGER DESIGN PROJECTS
SENIOR ANALYST BUSINESS SUPPORT,SENIOR BUSINESS SUPPORT ANALYST
SR BUSINESS SUPPORT ANALYST,SENIOR BUSINESS SUPPORT ANALYST
ACTING SENIOR BUSINESS SUPPORT ANALYST,SENIOR BUSINESS SUPPORT ANALYST
ASSOCIATE PROFESSOR OF ACCOUNTING,ASSOCIATE PROFESSOR ACCOUNTING
ASSOCIATE PROFESSORCHAIR ACCOUNTING,ASSOCIATE PROFESSOR ACCOUNTING
CHAIRASSOCIATE PROFESSOR ACCOUNTING,ASSOCIATE PROFESSOR ACCOUNTING
ASST PROFESSOR ACCOUNTING,ASSOCIATE PROFESSOR ACCOUNTING
CHAIR ASSOCIATE PROFESSOR ACCOUNTING,ASSOCIATE PROFESSOR ACCOUNTING
PROGRAMS ENGINEER OFFICER,PROGRAMS ENGINEEROFFICER
PROJECTS COORDINATOR,PROJECT COORDINATOR
COORDINATOR PROJECTS,PROJECT COORDINATOR
PROJECT COORDINATOR IT,PROJECT COORDINATOR
PROJ COORDINATOR,PROJECT COORDINATOR
WEB PROJECT COORDINATOR,PROJECT COORDINATOR
PROFESSOR SCHOOL OF ENVIRONMENTAL AND NATURAL RESOURCES,PROFESSOR SCHOOL OF ENVIRONMENTAL AND NATURAL RESOURCE SCIENCES
DEPARTMENT HEAD A GUIDANCE,DEPARTMENT HEAD GUIDANCE
FACILITIES OPERATIONS MANAGER,MANAGER FACILITIES OPERATIONS
MANAGER OF FACILITIES OPERATIONS,MANAGER FACILITIES OPERATIONS
MANAGER OPERATING FACILITIES,MANAGER FACILITIES OPERATIONS
OPERATIONS AND FACILITIES MANAGER,MANAGER FACILITIES OPERATIONS
MANAGER FACILITIES AND OPERATIONS,MANAGER FACILITIES OPERATIONS
DEANPROFESSOR BUSINESS,PROFESSOR BUSINESS
PROFESSORDEAN BUSINESS,PROFESSOR BUSINESS
DIRECTOR OF FIANANCE AND ADMINISTRATION,DIRECTOR OF FINANCE AND ADMINISTRATION
DIRECTOR OF FINANCE AND ADMINISTRATIONONT,DIRECTOR OF FINANCE AND ADMINISTRATION
PATIENT SERVICES MANAGER,MANAGER PATIENT SERVICES
PATIENT SERVICE MANAGER,MANAGER PATIENT SERVICES
MANAGER OUTPATIENT SERVICES,MANAGER PATIENT SERVICES
MANAGER PAYMENT SERVICES,MANAGER PATIENT SERVICES
MANAGER PLANT SERVICES,MANAGER PATIENT SERVICES
SENIOR PERFORMANCE IMPROVEMENT OFFICER,SENIOR OFFICER PERFORMANCE IMPROVEMENT
PERFORMANCE IMPROVEMENT OFFICER,SENIOR OFFICER PERFORMANCE IMPROVEMENT
PROFESSOR OF HEALTH POLICY MANAGEMENT AND EVALUATION,PROFESSOR HEALTH POLICY MANAGEMENT AND EVALUATION
PROFESSORCHAIR HEALTH POLICY MANAGEMENT AND EVALUATION,PROFESSOR HEALTH POLICY MANAGEMENT AND EVALUATION
ASSOCIATE PROFESSOR HEALTH POLICY MANAGEMENT AND EVALUATION,PROFESSOR HEALTH POLICY MANAGEMENT AND EVALUATION
ASSISTANT PROFESSOR HEALTH POLICY MANAGEMENT AND EVALUATION,PROFESSOR HEALTH POLICY MANAGEMENT AND EVALUATION
PROFESSOR AND CHAIR HEALTH POLICY MANAGEMENT AND EVALUATION,PROFESSOR HEALTH POLICY MANAGEMENT AND EVALUATION
PROFESSOR OF NEAR AND MIDDLE EAST CIVILIZATION,PROFESSOR OF NEAR AND MIDDLE EAST CIVILIZATIONS
PROFESSOR NEAR AND MIDDLE EAST CIVILIZATIONS,PROFESSOR OF NEAR AND MIDDLE EAST CIVILIZATIONS
PROFESSOR OF NEAR AND MIDDLE EASTERN CIVILIZATIONS,PROFESSOR OF NEAR AND MIDDLE EAST CIVILIZATIONS
PROFESSORCHAIR NEAR AND MIDDLE EAST CIVILIZATIONS,PROFESSOR OF NEAR AND MIDDLE EAST CIVILIZATIONS
PROF NEAR AND MIDDLE EAST CIVILIZATIONS,PROFESSOR OF NEAR AND MIDDLE EAST CIVILIZATIONS
MANAGER BUILDING INSPECTION SERVICES,MANAGER INSPECTION SERVICES BUILDING
MANAGER OF BUILDING INSPECTION SERVICES,MANAGER INSPECTION SERVICES BUILDING
ARCHITECT 2,ARCHITECT
ARCHITECT 3,ARCHITECT
PLANNING MANAGER,MANAGER PLANNING
MANAGER OF PLANNING,MANAGER PLANNING
MANAGER GO PLANNING,MANAGER PLANNING
CIVIL MAINTAINER II JOURNEYPERSON,CIVIL MAINTAINER I JOURNEYPERSON
CIVIL MAINTAINER I JOURNEYPERS,CIVIL MAINTAINER I JOURNEYPERSON
MANAGER MAINTENANCE AND OPERATIONS,MANAGER OPERATIONS AND MAINTENANCE
MANAGER OPERATION AND MAINTENANCE,MANAGER OPERATIONS AND MAINTENANCE
MANAGER MAINTENANCE AND OPERATIONS (L),MANAGER OPERATIONS AND MAINTENANCE
MANAGER OF OPERATIONS AND MAINTENANCE,MANAGER OPERATIONS AND MAINTENANCE
MANAGER MAINTENANCE OPERATIONS,MANAGER OPERATIONS AND MAINTENANCE
MANAGER WATER TREATMENT PLANT,MANAGER WATER TREATMENT PLANTS
MANAGE WATER TREATMENT PLANTS,MANAGER WATER TREATMENT PLANTS
MANAGER WATER TREATMENT PLAN,MANAGER WATER TREATMENT PLANTS
PLANT MANAGER WASTEWATER TREATMENT,MANAGER WATER TREATMENT PLANTS
DEVELOPMENT DIRECTOR,DIRECTOR DEVELOPMENT
DIRECTOR: DEVELOPMENT,DIRECTOR DEVELOPMENT
DIRECTOR OF DEVELOPMENT,DIRECTOR DEVELOPMENT
DIRECTOR HR DEVELOPMENT,DIRECTOR DEVELOPMENT
DIRECTOR DEVELOPMENT LAW,DIRECTOR DEVELOPMENT
CORPORATE COMMUNICATIONS MANAGER,MANAGER CORPORATE COMMUNICATIONS
CORPORATE MANAGER COMMUNICATIONS,MANAGER CORPORATE COMMUNICATIONS
MANAGER CORPORATE COMMUNICATION,MANAGER CORPORATE COMMUNICATIONS
MANAGER OF CORPORATE COMMUNICATIONS,MANAGER CORPORATE COMMUNICATIONS
MANAGER OF CORPORATE COMMUNICATION,MANAGER CORPORATE COMMUNICATIONS
MECHANICAL MAINTAINER,MECHANICAL MAINTAINER UTS
SPECIAL EDUCATION CONSULTANT,CONSULTANT SPECIAL EDUCATION
CONSULTANT: SPECIAL EDUCATION,CONSULTANT SPECIAL EDUCATION
CONSULTANT SPEC EDUCATION,CONSULTANT SPECIAL EDUCATION
CONSULTANT FOR SPECIAL EDUCATION,CONSULTANT SPECIAL EDUCATION
STUDENT ACHIEVEMENT OFFICER AGENTE DU RENDEMENT DES Ã©LÃ¨VE,STUDENT ACHIEVEMENT OFFICER AGENTE DU RENDEMENT DES Ã©LÃ¨VES
STUDENT ACHIEVEMENT OFFICER AGENTE DU RENDEMENT DES ÉLÈVES,STUDENT ACHIEVEMENT OFFICER AGENTE DU RENDEMENT DES Ã©LÃ¨VES
STUDENT ACHIEVEMENT OFFICER AGENT DU RENDEMENT DES Ã©LÃ¨VES,STUDENT ACHIEVEMENT OFFICER AGENTE DU RENDEMENT DES Ã©LÃ¨VES
STUDENT ACHIEVEMENT OFFICER AGENT DU RENDEMENT DES ÉLÈVES,STUDENT ACHIEVEMENT OFFICER AGENTE DU RENDEMENT DES Ã©LÃ¨VES
