vet_old,vet_new,old,new
PROFESSORS,PROFESSOR,PROFESSORS,PROFESSOR
PROFESSORMD,PROFESSOR,PROFESSORMD,PROFESSOR
,,VPPROFESSOR,PROFESSOR
CONSTABLEE,CONSTABLE,CONSTABLEE,CONSTABLE
CONTSTABLE,CONSTABLE,CONTSTABLE,CONSTABLE
REGISTERED NURSE',REGISTERED NURSE,REGISTERED NURSE',REGISTERED NURSE
REGESTERED NURSE,REGISTERED NURSE,REGESTERED NURSE,REGISTERED NURSE
RERISTERED NURSE,REGISTERED NURSE,RERISTERED NURSE,REGISTERED NURSE
REGISTER NURSE,REGISTERED NURSE,REGISTER NURSE,REGISTERED NURSE
OR REGISTERED NURSE,REGISTERED NURSE,OR REGISTERED NURSE,REGISTERED NURSE
ASSOCIATEÂ PROFESSOR,ASSOCIATE PROFESSOR,ASSOCIATEÂ PROFESSOR,ASSOCIATE PROFESSOR
PROFESSOR ; ASSOCIATE,ASSOCIATE PROFESSOR,PROFESSOR ; ASSOCIATE,ASSOCIATE PROFESSOR
ASSOCIATE PROFESSORS,ASSOCIATE PROFESSOR,ASSOCIATE PROFESSORS,ASSOCIATE PROFESSOR
ASSOCIATE PROFESSORMD,ASSOCIATE PROFESSOR,ASSOCIATE PROFESSORMD,ASSOCIATE PROFESSOR
ASSOCIATE PROFESSOR MD,ASSOCIATE PROFESSOR,ASSOCIATE PROFESSOR MD,ASSOCIATE PROFESSOR
VICE PRINCIPALS,VICE PRINCIPAL,VICE PRINCIPALS,VICE PRINCIPAL
VIVE PRINCIPAL,VICE PRINCIPAL,VIVE PRINCIPAL,VICE PRINCIPAL
ASSISTANT PROFESSORMD,ASSISTANT PROFESSOR,ASSISTANT PROFESSORMD,ASSISTANT PROFESSOR
ASSISTANT PROCESSOR,ASSISTANT PROFESSOR,ASSISTANT PROCESSOR,ASSISTANT PROFESSOR
ASSISTANT PROFESSOR MD,ASSISTANT PROFESSOR,ASSISTANT PROFESSOR MD,ASSISTANT PROFESSOR
ASSISTANT PROFESSOR LAW,ASSISTANT PROFESSOR,ASSISTANT PROFESSOR LAW,ASSISTANT PROFESSOR
,,ASSISTANT DEANPROFESSOR,ASSISTANT PROFESSOR
ASISTANT CROWN ATTORNEY,ASST CROWN ATTORNEY,ASISTANT CROWN ATTORNEY,ASST CROWN ATTORNEY
ASSISTANT CROWN ATTORNEY (DES),ASSISTANT CROWN ATTORNEY,ASSISTANT CROWN ATTORNEY (DES),ASSISTANT CROWN ATTORNEY
ENFORCEMENT OFFICER,LAW ENFORCEMENT OFFICER,ENFORCEMENT OFFICER,LAW ENFORCEMENT OFFICER
OFFICER ENFORCEMENT,LAW ENFORCEMENT OFFICER,OFFICER ENFORCEMENT,LAW ENFORCEMENT OFFICER
FIREFIGHTER OPERATIONS,FIREFIGHTER OPERATION,FIREFIGHTER OPERATIONS,FIREFIGHTER OPERATION
FACULTY MEMBERS,FACULTY MEMBER,FACULTY MEMBERS,FACULTY MEMBER
MANAGERS,MANAGER,MANAGERS,MANAGER
MANAGE,MANAGER,MANAGE,MANAGER
MANGER,MANAGER,MANGER,MANAGER
STAFF SERGANT,STAFF SERGEANT,STAFF SERGANT,STAFF SERGEANT
STAFF SARGEANT,STAFF SERGEANT,STAFF SARGEANT,STAFF SERGEANT
,,STAFF SERGEANT I,STAFF SERGEANT
,,STAFF SERGEANT 2,STAFF SERGEANT
,,STAFF SERGEANT II,STAFF SERGEANT
DIRECTOR EXECUTIVE,EXECUTIVE DIRECTOR,DIRECTOR EXECUTIVE,EXECUTIVE DIRECTOR
EXECTIVE DIRECTOR,EXECUTIVE DIRECTOR,EXECTIVE DIRECTOR,EXECUTIVE DIRECTOR
EXCUTIVE DIRECTOR,EXECUTIVE DIRECTOR,EXCUTIVE DIRECTOR,EXECUTIVE DIRECTOR
EXECUTIVE DRECTOR,EXECUTIVE DIRECTOR,EXECUTIVE DRECTOR,EXECUTIVE DIRECTOR
EXECUTVE DIRECTOR,EXECUTIVE DIRECTOR,EXECUTVE DIRECTOR,EXECUTIVE DIRECTOR
SENIOR TECHNICAL ENGINEER OFFICER,SENIOR TECHNICAL ENGINEEROFFICER,SENIOR TECHNICAL ENGINEER OFFICER,SENIOR TECHNICAL ENGINEEROFFICER
SENIOR ENGINEER TECHNICAL OFFICER,SENIOR TECHNICAL ENGINEEROFFICER,SENIOR ENGINEER TECHNICAL OFFICER,SENIOR TECHNICAL ENGINEEROFFICER
SENIOR ENGINEER TECHNICAL OFFICER EP,SENIOR TECHNICAL ENGINEEROFFICER,SENIOR ENGINEER TECHNICAL OFFICER EP,SENIOR TECHNICAL ENGINEEROFFICER
SENIOR ENGINEER TECHNICAL OFFICER CSM,SENIOR TECHNICAL ENGINEEROFFICER,SENIOR ENGINEER TECHNICAL OFFICER CSM,SENIOR TECHNICAL ENGINEEROFFICER
SENIOR TECHNICAL ENGOFFICER,SENIOR TECHNICAL ENGINEEROFFICER,SENIOR TECHNICAL ENGOFFICER,SENIOR TECHNICAL ENGINEEROFFICER
NURSE PRACTITONER,NURSE PRACTITIONER,NURSE PRACTITONER,NURSE PRACTITIONER
NURSE PRATITIONER,NURSE PRACTITIONER,NURSE PRATITIONER,NURSE PRACTITIONER
NURSE PRACITIONER,NURSE PRACTITIONER,NURSE PRACITIONER,NURSE PRACTITIONER
NURSE PRACTITIIONER,NURSE PRACTITIONER,NURSE PRACTITIIONER,NURSE PRACTITIONER
NURSE PRACTITIONERS,NURSE PRACTITIONER,NURSE PRACTITIONERS,NURSE PRACTITIONER
,,REGIONAL MAINTAINER II LINES,REGIONAL MAINTAINER I LINES
REGIONAL MAINTAINERS I LINES,REGIONAL MAINTAINER I LINES,REGIONAL MAINTAINERS I LINES,REGIONAL MAINTAINER I LINES
REGIONAL MAINTAINER LINES IMPR,REGIONAL MAINTAINER LINES IMPROVER,REGIONAL MAINTAINER LINES IMPR,REGIONAL MAINTAINER LINES IMPROVER
,,REGIONAL MAINTAINER LINES UT,REGIONAL MAINTAINER LINES UTS
,,REGIONAL MAINTAINER LINES UTS 2,REGIONAL MAINTAINER LINES UTS
PHARMACISTE,PHARMACIST,PHARMACISTE,PHARMACIST
PHARMASCIST,PHARMACIST,PHARMASCIST,PHARMACIST
PHARMACIST 1,PHARMACIST,PHARMACIST 1,PHARMACIST
PHARMACIST 2,PHARMACIST,PHARMACIST 2,PHARMACIST
PHARMACIST 3,PHARMACIST,PHARMACIST 3,PHARMACIST
PARAMEDIC ADVANCED CARE,ADVANCED CARE PARAMEDIC,PARAMEDIC ADVANCED CARE,ADVANCED CARE PARAMEDIC
ADVANCE CARE PARAMEDIC,ADVANCED CARE PARAMEDIC,ADVANCE CARE PARAMEDIC,ADVANCED CARE PARAMEDIC
PARAMEDIC ADVANCE CARE,ADVANCED CARE PARAMEDIC,PARAMEDIC ADVANCE CARE,ADVANCED CARE PARAMEDIC
ADVANCE CARE PARAMEDIC P2,ADVANCED CARE PARAMEDIC,ADVANCE CARE PARAMEDIC P2,ADVANCED CARE PARAMEDIC
CAPTAIN OPERATIONS,CAPTAIN OPERATION,CAPTAIN OPERATIONS,CAPTAIN OPERATION
DETECTIVE CONSTABLE 3,DETECTIVE CONSTABLE,DETECTIVE CONSTABLE 3,DETECTIVE CONSTABLE
DETECTIVE CONSTABLE ICE,POLICE DETECTIVE CONSTABLE,DETECTIVE CONSTABLE ICE,POLICE DETECTIVE CONSTABLE
SUPTERINTENDENT,SUPERINTENDENT,SUPTERINTENDENT,SUPERINTENDENT
SUPERINTENDANT,SUPERINTENDENT,SUPERINTENDANT,SUPERINTENDENT
SUPERINTENEDNT,SUPERINTENDENT,SUPERINTENEDNT,SUPERINTENDENT
SUPERINTENDENTCEO,SUPERINTENDENT,SUPERINTENDENTCEO,SUPERINTENDENT
SUPERINTENDENTPCO,SUPERINTENDENT,SUPERINTENDENTPCO,SUPERINTENDENT
TEAM LEADED,TEAM LEADER,TEAM LEADED,TEAM LEADER
TEAM LEAD,TEAM LEADER,TEAM LEAD,TEAM LEADER
INVESTIGATOR I,INVESTIGATOR,INVESTIGATOR I,INVESTIGATOR
INVESTIGATOR 1,INVESTIGATOR,INVESTIGATOR 1,INVESTIGATOR
CEO`,CEO,CEO`,CEO
INSPECTOR I,INSPECTOR,INSPECTOR I,INSPECTOR
CHIEF ADMINISTRATIVE OFFICE,CHIEF ADMINISTRATIVE OFFICER,CHIEF ADMINISTRATIVE OFFICE,CHIEF ADMINISTRATIVE OFFICER
CHIEF ADMINSTRATIVE OFFICER,CHIEF ADMINISTRATIVE OFFICER,CHIEF ADMINSTRATIVE OFFICER,CHIEF ADMINISTRATIVE OFFICER
CHIEF ADMINISTRATIVE OFFICIER,CHIEF ADMINISTRATIVE OFFICER,CHIEF ADMINISTRATIVE OFFICIER,CHIEF ADMINISTRATIVE OFFICER
CHIEF ADMINISTRATRIVE OFFICER,CHIEF ADMINISTRATIVE OFFICER,CHIEF ADMINISTRATRIVE OFFICER,CHIEF ADMINISTRATIVE OFFICER
CHIEF ADMINISTRATIVE OFFICR,CHIEF ADMINISTRATIVE OFFICER,CHIEF ADMINISTRATIVE OFFICR,CHIEF ADMINISTRATIVE OFFICER
MECHANICAL TECHNICIAN TECHNOLOGIST,MECHANICAL TECHNICIANTECHNOLOGIST,MECHANICAL TECHNICIAN TECHNOLOGIST,MECHANICAL TECHNICIANTECHNOLOGIST
PATHOLOGISTE,PATHOLOGIST,PATHOLOGISTE,PATHOLOGIST
PAHOLOGIST,PATHOLOGIST,PAHOLOGIST,PATHOLOGIST
MANAGER PROJECT,PROJECT MANAGER,MANAGER PROJECT,PROJECT MANAGER
MANAGER PROJECTS,PROJECT MANAGER,MANAGER PROJECTS,PROJECT MANAGER
PROJECT MANAGERS,PROJECT MANAGER,PROJECT MANAGERS,PROJECT MANAGER
PROJECTS MANAGER,PROJECT MANAGER,PROJECTS MANAGER,PROJECT MANAGER
PROJECT MANAGER I,PROJECT MANAGER,PROJECT MANAGER I,PROJECT MANAGER
FIREFIGHTER FIRST CLASS,FIRST CLASS FIREFIGHTER,FIREFIGHTER FIRST CLASS,FIRST CLASS FIREFIGHTER
FIRST CLASS FIREFIGHER,FIRST CLASS FIREFIGHTER,FIRST CLASS FIREFIGHER,FIRST CLASS FIREFIGHTER
FIRST CLAS FIREFIGHTER,FIRST CLASS FIREFIGHTER,FIRST CLAS FIREFIGHTER,FIRST CLASS FIREFIGHTER
FRIST CLASS FIREFIGHTER,FIRST CLASS FIREFIGHTER,FRIST CLASS FIREFIGHTER,FIRST CLASS FIREFIGHTER
FIRST CLASS FIGHTER,FIRST CLASS FIREFIGHTER,FIRST CLASS FIGHTER,FIRST CLASS FIREFIGHTER
SERGEANT DETECTIVE,DETECTIVE SERGEANT,SERGEANT DETECTIVE,DETECTIVE SERGEANT
DETECTIVE (SERGEANT),DETECTIVE SERGEANT,DETECTIVE (SERGEANT),DETECTIVE SERGEANT
DETECTIVESERGEANT,DETECTIVE SERGEANT,DETECTIVESERGEANT,DETECTIVE SERGEANT
SERGEANT DETECTIVE I,DETECTIVE SERGEANT,SERGEANT DETECTIVE I,DETECTIVE SERGEANT
DETECTIVE SARGEANT,DETECTIVE SERGEANT,DETECTIVE SARGEANT,DETECTIVE SERGEANT
CONSTABLE FIRST CLASS,FIRST CLASS CONSTABLE,CONSTABLE FIRST CLASS,FIRST CLASS CONSTABLE
CAPTAIN FIRE,FIRE CAPTAIN,CAPTAIN FIRE,FIRE CAPTAIN
CAPTAINFIRE,FIRE CAPTAIN,CAPTAINFIRE,FIRE CAPTAIN
FIRE CAPITAN,FIRE CAPTAIN,FIRE CAPITAN,FIRE CAPTAIN
PARAMEDIC PRIMARY CARE,PRIMARY CARE PARAMEDIC,PARAMEDIC PRIMARY CARE,PRIMARY CARE PARAMEDIC
PRIMARY CARE PARAMEDIC P1,PRIMARY CARE PARAMEDIC,PRIMARY CARE PARAMEDIC P1,PRIMARY CARE PARAMEDIC
PRIMARY CARE PARAMEDIC IV,PRIMARY CARE PARAMEDIC,PRIMARY CARE PARAMEDIC IV,PRIMARY CARE PARAMEDIC
PSYCHOLOGISTE,PSYCHOLOGIST,PSYCHOLOGISTE,PSYCHOLOGIST
PSYSCHOLOGIST,PSYCHOLOGIST,PSYSCHOLOGIST,PSYCHOLOGIST
PSYCHOLOGIST 1,PSYCHOLOGIST,PSYCHOLOGIST 1,PSYCHOLOGIST
PSYCHOLOGIST I,PSYCHOLOGIST,PSYCHOLOGIST I,PSYCHOLOGIST
PHYCHOLOGIST,PSYCHOLOGIST,PHYCHOLOGIST,PSYCHOLOGIST
ELECTRICAL AND CONTROL TECHNICIAN TECHNOLOGIST,ELECTRICAL AND CONTROL TECHNICIANTECHNOLOGIST,ELECTRICAL AND CONTROL TECHNICIAN TECHNOLOGIST,ELECTRICAL AND CONTROL TECHNICIANTECHNOLOGIST
SUPERVISING NUCLEAR OPERATORFIRST LINE MANAGER ASSISTANT,SUPERVISING NUCLEAR OPERATOR FIRST LINE MANAGER ASSISTANT,SUPERVISING NUCLEAR OPERATORFIRST LINE MANAGER ASSISTANT,SUPERVISING NUCLEAR OPERATOR FIRST LINE MANAGER ASSISTANT
DEPARTMENT HEAD A,DEPARTMENT HEAD,DEPARTMENT HEAD A,DEPARTMENT HEAD
DEPARTMENT HEAD B,DEPARTMENT HEAD,DEPARTMENT HEAD B,DEPARTMENT HEAD
PSYCHATRIST,PSYCHIATRIST,PSYCHATRIST,PSYCHIATRIST
PSYCHIATRIST2,PSYCHIATRIST,PSYCHIATRIST2,PSYCHIATRIST
PSYCHIATRIST 2,PSYCHIATRIST,PSYCHIATRIST 2,PSYCHIATRIST
PSYCHIATRIST 3,PSYCHIATRIST,PSYCHIATRIST 3,PSYCHIATRIST
PSYCHIATRIST 1,PSYCHIATRIST,PSYCHIATRIST 1,PSYCHIATRIST
INVESTIGATOR ENQUÊTEUR,INVESTIGATOR,INVESTIGATOR ENQUÊTEUR,INVESTIGATOR ENQUÃªTEUR
INVESTIGATOR ENQUÃªTEUSE,INVESTIGATOR,INVESTIGATOR ENQUÃªTEUSE,INVESTIGATOR ENQUÃªTEUR
INVESTIGATOR ENQUÊTEUSE,INVESTIGATOR,INVESTIGATOR ENQUÊTEUSE,INVESTIGATOR ENQUÃªTEUR
TEAM LEADER CHEF D'ÉQUIPE,TEAM LEADER,TEAM LEADER CHEF D'ÉQUIPE,TEAM LEADER CHEF D'Ã©QUIPE
TEAM LEADER CHEF D'ÃQUIPE,TEAM LEADER,TEAM LEADER CHEF D'ÃQUIPE,TEAM LEADER CHEF D'Ã©QUIPE
TEAM LEAD CHEF D'Ã©QUIPE,TEAM LEADER,TEAM LEAD CHEF D'Ã©QUIPE,TEAM LEADER CHEF D'Ã©QUIPE
TEAM LEAD CHEF D'ÉQUIPE,TEAM LEADER,TEAM LEAD CHEF D'ÉQUIPE,TEAM LEADER CHEF D'Ã©QUIPE
TEAM LEADER CHEF D'ÉQUIPEER,TEAM LEADER,TEAM LEADER CHEF D'ÉQUIPEER,TEAM LEADER CHEF D'Ã©QUIPE
ELEMENTARY CHAIR,CHAIR ELEMENTARY,ELEMENTARY CHAIR,CHAIR ELEMENTARY
CEO AND PRESIDENT,PRESIDENT AND CEO,CEO AND PRESIDENT,PRESIDENT AND CEO
PRESIDENT AND COO,PRESIDENT AND CEO,PRESIDENT AND COO,PRESIDENT AND CEO
PRESIDENT AND CFO,PRESIDENT AND CEO,PRESIDENT AND CFO,PRESIDENT AND CEO
PRESIDENT AND CEOOHI,PRESIDENT AND CEO,PRESIDENT AND CEOOHI,PRESIDENT AND CEO
INSTUCTOR,INSTRUCTOR,INSTUCTOR,INSTRUCTOR
COUNSEL LEGAL,LEGAL COUNSEL,COUNSEL LEGAL,LEGAL COUNSEL
LEGAL COUNCEL,LEGAL COUNSEL,LEGAL COUNCEL,LEGAL COUNSEL
LEGAL COUNSEL II,LEGAL COUNSEL,LEGAL COUNSEL II,LEGAL COUNSEL
SR LEGAL COUNSEL,LEGAL COUNSEL,SR LEGAL COUNSEL,LEGAL COUNSEL
LEGAL COUNSELLOR,LEGAL COUNSEL,LEGAL COUNSELLOR,LEGAL COUNSEL
PLATOON CHIEF B,PLATOON CHIEF,PLATOON CHIEF B,PLATOON CHIEF
PLATOON CHIEF C,PLATOON CHIEF,PLATOON CHIEF C,PLATOON CHIEF
PLATOON CHIEF A,PLATOON CHIEF,PLATOON CHIEF A,PLATOON CHIEF
PLATOON CHIEF D,PLATOON CHIEF,PLATOON CHIEF D,PLATOON CHIEF
PLATOON CHIEF 1,PLATOON CHIEF,PLATOON CHIEF 1,PLATOON CHIEF
TEACHER SECONDARY DEPARTMENT HEAD,SECONDARY TEACHER DEPARTMENT HEAD,TEACHER SECONDARY DEPARTMENT HEAD,SECONDARY TEACHER DEPARTMENT HEAD
SECONDARY DEPARTMENT HEAD TEACHER,SECONDARY TEACHER DEPARTMENT HEAD,SECONDARY DEPARTMENT HEAD TEACHER,SECONDARY TEACHER DEPARTMENT HEAD
DEPARTMENT HEAD SECONDARY TEACHER,SECONDARY TEACHER DEPARTMENT HEAD,DEPARTMENT HEAD SECONDARY TEACHER,SECONDARY TEACHER DEPARTMENT HEAD
FIREFIGHTER 1ST CLASS,1ST CLASS FIREFIGHTER,FIREFIGHTER 1ST CLASS,1ST CLASS FIREFIGHTER
FIREFIGHTER 5TH CLASS,1ST CLASS FIREFIGHTER,FIREFIGHTER 5TH CLASS,1ST CLASS FIREFIGHTER
FIREFIGHTER 4TH CLASS,1ST CLASS FIREFIGHTER,FIREFIGHTER 4TH CLASS,1ST CLASS FIREFIGHTER
SUPERINTENDENT OF EDUCATIION,SUPERINTENDENT OF EDUCATION,SUPERINTENDENT OF EDUCATIION,SUPERINTENDENT OF EDUCATION
SUPERINTENDENT OF EDUCATION HR,SUPERINTENDENT OF EDUCATION,SUPERINTENDENT OF EDUCATION HR,SUPERINTENDENT OF EDUCATION
SUPERINTENDENT EDUCATION,SUPERINTENDENT OF EDUCATION,SUPERINTENDENT EDUCATION,SUPERINTENDENT OF EDUCATION
EDUCATION SUPERINTENDENT,SUPERINTENDENT OF EDUCATION,EDUCATION SUPERINTENDENT,SUPERINTENDENT OF EDUCATION
SUPERINDENTENT OF EDUCATION,SUPERINTENDENT OF EDUCATION,SUPERINDENTENT OF EDUCATION,SUPERINTENDENT OF EDUCATION
COUNSEL AVOCAT,COUNSEL AVOCATE,COUNSEL AVOCAT,COUNSEL AVOCATE
DETECTIVE CONSTABLE POLICE,DETECTIVE CONSTABLE,DETECTIVE CONSTABLE POLICE,POLICE DETECTIVE CONSTABLE
CONSTABLE DETECTIVE OFFICE,DETECTIVE CONSTABLE,CONSTABLE DETECTIVE OFFICE,POLICE DETECTIVE CONSTABLE
VICE PRESIDENTCFO,VICE PRESIDENT,VICE PRESIDENTCFO,VICE PRESIDENT
SR VICE PRESIDENT,VICE PRESIDENT,SR VICE PRESIDENT,VICE PRESIDENT
VICE PRESIDENT HR,VICE PRESIDENT,VICE PRESIDENT HR,VICE PRESIDENT
VICE PRESIDENTCIO,VICE PRESIDENT,VICE PRESIDENTCIO,VICE PRESIDENT
VICE PRESIDENTCNO,VICE PRESIDENT,VICE PRESIDENTCNO,VICE PRESIDENT
PROFESSORPROFESSEURE,PROFESSOR,PROFESSORPROFESSEURE,PROFESSORPROFESSEUR
PROFESSORPROFESSOR,PROFESSOR,PROFESSORPROFESSOR,PROFESSORPROFESSEUR
DIRECTION D'ÉCOLE,DIRECTION ÉCOLE,DIRECTION D'ÉCOLE,DIRECTION D'Ã©COLE
DIRECTION D'ÃCOLE,DIRECTION ÉCOLE,DIRECTION D'ÃCOLE,DIRECTION D'Ã©COLE
DIRECTION D'ÉCOLES,DIRECTION ÉCOLE,DIRECTION D'ÉCOLES,DIRECTION ÉCOLE
DIRECTION D'Ã©COLES,DIRECTION ÉCOLE,DIRECTION D'Ã©COLES,DIRECTION ÉCOLE
DIRECTION Ã©COLE,DIRECTION ÉCOLE,DIRECTION Ã©COLE,DIRECTION D'Ã©COLE
MECH MAINTAINER JOURNEYPERSON,MECHANICAL MAINTAINER JOURNEYPERSON,MECH MAINTAINER JOURNEYPERSON,MECHANICAL MAINTAINER JOURNEYPERSON
SENIOR ENGINEERSCIENTISTTECHNICAL OFFI,SENIOR ENGINEERSCIENTISTTECHNICAL OFFICER,SENIOR ENGINEERSCIENTISTTECHNICAL OFFI,SENIOR ENGINEERSCIENTISTTECHNICAL OFFICER
SENIOR ENGINEERSCIENTISTTECH OFFICER,SENIOR ENGINEERSCIENTISTTECHNICAL OFFICER,SENIOR ENGINEERSCIENTISTTECH OFFICER,SENIOR ENGINEERSCIENTISTTECHNICAL OFFICER
SENIOR ENGINEERSCIENTISTTECHNOLOGY OFFICER,SENIOR ENGINEERSCIENTISTTECHNICAL OFFICER,SENIOR ENGINEERSCIENTISTTECHNOLOGY OFFICER,SENIOR ENGINEERSCIENTISTTECHNICAL OFFICER
SENIOR ENGINEERSCIENTISTTECH OFFCR,SENIOR ENGINEERSCIENTISTTECHNICAL OFFICER,SENIOR ENGINEERSCIENTISTTECH OFFCR,SENIOR ENGINEERSCIENTISTTECHNICAL OFFICER
HUMAN RESOURCES DIRECTOR,DIRECTOR OF HUMAN RESOURCES,HUMAN RESOURCES DIRECTOR,DIRECTOR OF HUMAN RESOURCES
DIRECTOR (HUMAN RESOURCES),DIRECTOR OF HUMAN RESOURCES,DIRECTOR (HUMAN RESOURCES),DIRECTOR OF HUMAN RESOURCES
DIRECTORHUMAN RESOURCES,DIRECTOR OF HUMAN RESOURCES,DIRECTORHUMAN RESOURCES,DIRECTOR OF HUMAN RESOURCES
HUMAN RESOURCE DIRECTOR,DIRECTOR OF HUMAN RESOURCES,HUMAN RESOURCE DIRECTOR,DIRECTOR HUMAN RESOURCES
DIRECTOR HUMAN RESOURCE,DIRECTOR OF HUMAN RESOURCES,DIRECTOR HUMAN RESOURCE,DIRECTOR HUMAN RESOURCES
SHIFT OPERATING SUPERVISOR,FIELD SHIFT OPERATING SUPERVISOR,SHIFT OPERATING SUPERVISOR,FIELD SHIFT OPERATING SUPERVISOR
SOLICITOR 2,SOLICITOR,SOLICITOR 2,SOLICITOR 1
SOLICITOR 3,SOLICITOR,SOLICITOR 3,SOLICITOR 1
SOLICITOR 4,SOLICITOR,SOLICITOR 4,SOLICITOR 1
SOLICITOR,SOLICITOR,SOLICITOR,SOLICITOR 1
SR PROVINCIAL JUDGE,JUDGE,SR PROVINCIAL JUDGE,PROVINCIAL JUDGE
FIRE FIGHTER FIRST CLASS,FIRST CLASS FIRE FIGHTER,FIRE FIGHTER FIRST CLASS,FIRST CLASS FIRE FIGHTER
FIRE FIGHTERS FIRST CLASS,FIRST CLASS FIRE FIGHTER,FIRE FIGHTERS FIRST CLASS,FIRST CLASS FIRE FIGHTER
SENIOR ADVISOR POLICY,SENIOR POLICY ADVISOR,SENIOR ADVISOR POLICY,SENIOR POLICY ADVISOR
SENIOR TAX POLICY ADVISOR,SENIOR POLICY ADVISOR,SENIOR TAX POLICY ADVISOR,SENIOR POLICY ADVISOR
SENIOR POLICY ADVISOR AIR,SENIOR POLICY ADVISOR,SENIOR POLICY ADVISOR AIR,SENIOR POLICY ADVISOR
SENIOR POLICY ADVISOR OSC,SENIOR POLICY ADVISOR,SENIOR POLICY ADVISOR OSC,SENIOR POLICY ADVISOR
PRINCIPAL ELEMENTARY SCHOOL,ELEMENTARY SCHOOL PRINCIPAL,PRINCIPAL ELEMENTARY SCHOOL,ELEMENTARY SCHOOL PRINCIPAL
ELEMENTARY SCHOOL VICE PRINCIPAL,ELEMENTARY SCHOOL PRINCIPAL,ELEMENTARY SCHOOL VICE PRINCIPAL,ELEMENTARY SCHOOL PRINCIPAL
VICE PRINCIPAL ELEMENTARY SCHOOL,ELEMENTARY SCHOOL PRINCIPAL,VICE PRINCIPAL ELEMENTARY SCHOOL,ELEMENTARY SCHOOL PRINCIPAL
MANAGER CLINICAL,CLINICAL MANAGER,MANAGER CLINICAL,CLINICAL MANAGER
CLINICAL MANAGER 2,CLINICAL MANAGER,CLINICAL MANAGER 2,CLINICAL MANAGER
CLINIC MANAGER,CLINICAL MANAGER,CLINIC MANAGER,CLINICAL MANAGER
MANAGER CLINIC,CLINICAL MANAGER,MANAGER CLINIC,CLINICAL MANAGER
PROFESSOR PROFESSEUR,PROFESSOR,PROFESSOR PROFESSEUR,PROFESSEUR PROFESSOR
PROFESSEURE PROFESSOR,PROFESSOR,PROFESSEURE PROFESSOR,PROFESSEUR PROFESSOR
PROFESSEURPROFESSOR,PROFESSOR,PROFESSEURPROFESSOR,PROFESSEUR PROFESSOR
PROFESSEUREPROFESSOR,PROFESSOR,PROFESSEUREPROFESSOR,PROFESSEUR PROFESSOR
PROFESSEUR PROFESSORAL,PROFESSOR,PROFESSEUR PROFESSORAL,PROFESSEUR PROFESSOR
,,PARAMEDIC LEVEL 3,PARAMEDIC LEVEL 1
,,PARAMEDIC LEVEL 2,PARAMEDIC LEVEL 1
PROJECT MANAGER (SENIOR),SENIOR PROJECT MANAGER,PROJECT MANAGER (SENIOR),SENIOR PROJECT MANAGER
MANAGER PROJECTS SENIOR,SENIOR PROJECT MANAGER,MANAGER PROJECTS SENIOR,SENIOR PROJECT MANAGER
SENIOR MANAGER PROJECTS,SENIOR PROJECT MANAGER,SENIOR MANAGER PROJECTS,SENIOR PROJECT MANAGER
SENIOR PROJECTS MANAGER,SENIOR PROJECT MANAGER,SENIOR PROJECTS MANAGER,SENIOR PROJECT MANAGER
SENIOR PROJECT MANAGER (P,SENIOR PROJECT MANAGER,SENIOR PROJECT MANAGER (P,SENIOR PROJECT MANAGER
CROWN COUNSEL 4,CROWN COUNSEL,CROWN COUNSEL 4,CROWN COUNSEL
CROWN COUNCEL,CROWN COUNSEL,CROWN COUNCEL,CROWN COUNSEL
PROFESSOR EDUCATION,PROFESSOR OF EDUCATION,PROFESSOR EDUCATION,PROFESSOR OF EDUCATION
FULL PROFESSOR EDUCATION,PROFESSOR OF EDUCATION,FULL PROFESSOR EDUCATION,PROFESSOR OF EDUCATION
CONTOLLER,CONTROLLER,CONTOLLER,CONTROLLER
FIRE FIGHTER 1ST CLASS,1ST CLASS FIRE FIGHTER,FIRE FIGHTER 1ST CLASS,1ST CLASS FIRE FIGHTER
FIRE FIGHTERS 1ST CLASS,1ST CLASS FIRE FIGHTER,FIRE FIGHTERS 1ST CLASS,1ST CLASS FIRE FIGHTER
CAPTAIN (FIRE SUPPRESSION),CAPTAIN FIRE SUPPRESSION,CAPTAIN (FIRE SUPPRESSION),CAPTAIN FIRE SUPPRESSION
FIRE CAPTAIN SUPPRESSION,CAPTAIN FIRE SUPPRESSION,FIRE CAPTAIN SUPPRESSION,CAPTAIN FIRE SUPPRESSION
FIRE SUPPRESSION CAPTAIN,CAPTAIN FIRE SUPPRESSION,FIRE SUPPRESSION CAPTAIN,CAPTAIN FIRE SUPPRESSION
FIRE CAPTAIN AND SUPPRESSION,CAPTAIN FIRE SUPPRESSION,FIRE CAPTAIN AND SUPPRESSION,CAPTAIN FIRE SUPPRESSION
FIRE CAPTAIN FIRE SUPPRESSION,CAPTAIN FIRE SUPPRESSION,FIRE CAPTAIN FIRE SUPPRESSION,CAPTAIN FIRE SUPPRESSION
CHIEF FIRE,FIRE CHIEF,CHIEF FIRE,FIRE CHIEF
PHYSICIAN LABORATORY,LABORATORY PHYSICIAN,PHYSICIAN LABORATORY,LABORATORY PHYSICIAN
SCIENTIST (SENIOR),SENIOR SCIENTIST,SCIENTIST (SENIOR),SENIOR SCIENTIST
PRESIDENTE,PRESIDENT,PRESIDENTE,PRESIDENTCEO
PRÉSIDENT,PRESIDENT,PRÉSIDENT,PRESIDENT
RESIDENT,PRESIDENT,RESIDENT,PRESIDENT
PRÃ©SIDENT,PRESIDENT,PRÃ©SIDENT,PRESIDENT
OFFICER FIRE PREVENTION,FIRE PREVENTION OFFICER,OFFICER FIRE PREVENTION,FIRE PREVENTION OFFICER
PREVENTION FIRE OFFICER,FIRE PREVENTION OFFICER,PREVENTION FIRE OFFICER,FIRE PREVENTION OFFICER
PREVENTION OFFICER FIRE,FIRE PREVENTION OFFICER,PREVENTION OFFICER FIRE,FIRE PREVENTION OFFICER
FIRE FIRE PREVENTION OFFICER,FIRE PREVENTION OFFICER,FIRE FIRE PREVENTION OFFICER,FIRE PREVENTION OFFICER
FIRE PREVENTION OFF,FIRE PREVENTION OFFICER,FIRE PREVENTION OFF,FIRE PREVENTION OFFICER
COORDINATOR 2,COORDINATOR,COORDINATOR 2,COORDINATOR
INSPECTION AND MAINTENANCE TECHNICIAN I,INSPECTION AND MAINTENANCE TECHNICIAN,INSPECTION AND MAINTENANCE TECHNICIAN I,INSPECTION AND MAINTENANCE TECHNICIAN
INSPECTION AND MAINTENANCE TECHNICIAN II,INSPECTION AND MAINTENANCE TECHNICIAN,INSPECTION AND MAINTENANCE TECHNICIAN II,INSPECTION AND MAINTENANCE TECHNICIAN
SENIOR INSPECTION AND MAINTENANCE TECHNICIAN,INSPECTION AND MAINTENANCE TECHNICIAN,SENIOR INSPECTION AND MAINTENANCE TECHNICIAN,INSPECTION AND MAINTENANCE TECHNICIAN
INSPECTION AND MAINTENANCE TECH,INSPECTION AND MAINTENANCE TECHNICIAN,INSPECTION AND MAINTENANCE TECH,INSPECTION AND MAINTENANCE TECHNICIAN
INSPECTION AND MAINTENANCE TECHNICIAN TRAINEE,INSPECTION AND MAINTENANCE TECHNICIAN,INSPECTION AND MAINTENANCE TECHNICIAN TRAINEE,INSPECTION AND MAINTENANCE TECHNICIAN
OPERATONAL MANAGER,OPERATIONAL MANAGER,OPERATONAL MANAGER,OPERATIONAL MANAGER
OPERATION MANAGER,OPERATIONAL MANAGER,OPERATION MANAGER,OPERATIONAL MANAGER
MANAGER OPERATION,OPERATIONAL MANAGER,MANAGER OPERATION,OPERATIONAL MANAGER
OPERATIONS MANAGER,OPERATIONAL MANAGER,OPERATIONS MANAGER,OPERATIONAL MANAGER
MANAGER OPERATIONS,OPERATIONAL MANAGER,MANAGER OPERATIONS,OPERATIONAL MANAGER
ASSOCIATE DEANOAC,ASSOCIATE DEAN,ASSOCIATE DEANOAC,ASSOCIATE DEAN
,,REGIONAL MAINTAINER ELECTRICAL,REGIONAL MAINTAINER 1 ELECTRICAL
,,REGIONAL MAINTAINER I ELECTRICAL,REGIONAL MAINTAINER 1 ELECTRICAL
,,REGIONAL MAINTAINER ELECTRIC,REGIONAL MAINTAINER 1 ELECTRICAL
,,REGIONAL MAINTAINER II ELECTRICAL,REGIONAL MAINTAINER 1 ELECTRICAL
,,REGIONAL MAINTAINER ELECTRICAL UTS 2,REGIONAL MAINTAINER 1 ELECTRICAL
INFIRMIÃ¨RE AUTORISÃ©E REGISTERED NURSE,REGISTERED NURSE,INFIRMIÃ¨RE AUTORISÃ©E REGISTERED NURSE,REGISTERED NURSE INFIRMIÈRE AUTORISÉE
INFIRMIÈRE AUTORISÉE REGISTERED NURSE,REGISTERED NURSE,INFIRMIÈRE AUTORISÉE REGISTERED NURSE,REGISTERED NURSE INFIRMIÈRE AUTORISÉE
NURSE REGISTERED INFIRMIÃ¨RE AUTORISÃ©E,REGISTERED NURSE,NURSE REGISTERED INFIRMIÃ¨RE AUTORISÃ©E,REGISTERED NURSE INFIRMIÈRE AUTORISÉE
REGISTERED NURSE INFIRMIÃ¨RE AUTORISEÃ©,REGISTERED NURSE,REGISTERED NURSE INFIRMIÃ¨RE AUTORISEÃ©,REGISTERED NURSE INFIRMIÈRE AUTORISÉE
REGISTERED NURSE INFIRMIÃ©RE AUTORISÃ©E,REGISTERED NURSE,REGISTERED NURSE INFIRMIÃ©RE AUTORISÃ©E,REGISTERED NURSE INFIRMIÈRE AUTORISÉE
PROJECT TECHNICIAN ELECTRICAL AND CONTROL FIRST LINE MANAGER ASSISTANT,ELECTRICAL AND CONTROL TECHNICIAN FIRST LINE MANAGER ASSISTANT,PROJECT TECHNICIAN ELECTRICAL AND CONTROL FIRST LINE MANAGER ASSISTANT,ELECTRICAL AND CONTROL TECHNICIAN FIRST LINE MANAGER ASSISTANT
ELECTRICAL AND CONTROL TECHNICIANFIRST LINE MANAGER ASSISTANT,ELECTRICAL AND CONTROL TECHNICIAN FIRST LINE MANAGER ASSISTANT,ELECTRICAL AND CONTROL TECHNICIANFIRST LINE MANAGER ASSISTANT,ELECTRICAL AND CONTROL TECHNICIAN FIRST LINE MANAGER ASSISTANT
PROJECT TECHNICIAN MECHANICAL FIRST LINE MANAGER ASSISTANT,MECHANICAL TECHNICIAN FIRST LINE MANAGER ASSISTANT,PROJECT TECHNICIAN MECHANICAL FIRST LINE MANAGER ASSISTANT,MECHANICAL TECHNICIAN FIRST LINE MANAGER ASSISTANT
MANAGER PROGRAM,PROGRAM MANAGER,MANAGER PROGRAM,PROGRAM MANAGER
MANAGER PROGRAMS,PROGRAM MANAGER,MANAGER PROGRAMS,PROGRAM MANAGER
PROGAM MANAGER,PROGRAM MANAGER,PROGAM MANAGER,PROGRAM MANAGER
IT PROGRAM MANAGER,PROGRAM MANAGER,IT PROGRAM MANAGER,PROGRAM MANAGER
PROGRAMMES MANAGER,PROGRAM MANAGER,PROGRAMMES MANAGER,PROGRAM MANAGER
MANAGER PATIENT CARE,,MANAGER PATIENT CARE,PATIENT CARE MANAGER II
PATIENT CARE MANAGER I,,PATIENT CARE MANAGER I,PATIENT CARE MANAGER II
PATIENT CARE MANAGER 2,,PATIENT CARE MANAGER 2,PATIENT CARE MANAGER
PATIENT CARE MANAGER 1,,PATIENT CARE MANAGER 1,PATIENT CARE MANAGER
PATIENT CARE MANAGER 3,,PATIENT CARE MANAGER 3,PATIENT CARE MANAGER
CHEFMANAGER,MANAGER CHEF,CHEFMANAGER,MANAGER CHEF
ASSISTANT PROFESSOR PROFESSEUR(E) ADJOINT(E),ASSISTANT PROFESSOR,ASSISTANT PROFESSOR PROFESSEUR(E) ADJOINT(E),PROFESSEUR(E) ADJOINT(E) ASSISTANT PROFESSOR
DIRECTOR OF EDUCTION,DIRECTOR OF EDUCATION,DIRECTOR OF EDUCTION,DIRECTOR OF EDUCATION
DIRECTOR OF EDUATION,DIRECTOR OF EDUCATION,DIRECTOR OF EDUATION,DIRECTOR OF EDUCATION
DIRECTOR EDUCATION,DIRECTOR OF EDUCATION,DIRECTOR EDUCATION,DIRECTOR OF EDUCATION
BUSS OPERATOR,BUS OPERATOR,BUSS OPERATOR,BUS OPERATOR
DEPUTY CHIEF FIRE,DEPUTY FIRE CHIEF,DEPUTY CHIEF FIRE,DEPUTY FIRE CHIEF
FIRE DEPUTY CHIEF,DEPUTY FIRE CHIEF,FIRE DEPUTY CHIEF,DEPUTY FIRE CHIEF
DEPUTY FIRE CHIEFOPS,DEPUTY FIRE CHIEF,DEPUTY FIRE CHIEFOPS,DEPUTY FIRE CHIEF
DEPUTY CHIEF OF FIRE,DEPUTY FIRE CHIEF,DEPUTY CHIEF OF FIRE,DEPUTY FIRE CHIEF
DEP FIRE CHIEF,DEPUTY FIRE CHIEF,DEP FIRE CHIEF,DEPUTY FIRE CHIEF
DISTRICT CHIEF VOL OPERATIONS,DISTRICT CHIEF OPERATIONS,DISTRICT CHIEF VOL OPERATIONS,DISTRICT CHIEF OPERATIONS
CROWN ATTORNEY 5,CROWN ATTORNEY,CROWN ATTORNEY 5,CROWN ATTORNEY
CHIEF INFORMATION OFFICE,CHIEF INFORMATION OFFICER,CHIEF INFORMATION OFFICE,CHIEF INFORMATION OFFICER
CHIEF INFORMAITON OFFICER,CHIEF INFORMATION OFFICER,CHIEF INFORMAITON OFFICER,CHIEF INFORMATION OFFICER
CHIEF INFORMATIONAL OFFICER,CHIEF INFORMATION OFFICER,CHIEF INFORMATIONAL OFFICER,CHIEF INFORMATION OFFICER
CFOCHIEF INFORMATION OFFICER,CHIEF INFORMATION OFFICER,CFOCHIEF INFORMATION OFFICER,CHIEF INFORMATION OFFICER
ADMCHIEF INFORMATION OFFICER,CHIEF INFORMATION OFFICER,ADMCHIEF INFORMATION OFFICER,CHIEF INFORMATION OFFICER
AUTHORIZED NUCLEAR OPERATOR IN TRAINING SUPERVISING NUCLEAR OPERATOR,AUTHORIZED NUCLEAR OPERATOR IN TRAINING NUCLEAR OPERATOR,AUTHORIZED NUCLEAR OPERATOR IN TRAINING SUPERVISING NUCLEAR OPERATOR,AUTHORIZED NUCLEAR OPERATOR IN TRAINING NUCLEAR OPERATOR
LAW ENFORCEMENT OFFICER AGENTE D'EXÉCUTION DE LA LOI,LAW ENFORCEMENT OFFICER AGENT D'EXÉCUTION DE LA LOI,LAW ENFORCEMENT OFFICER AGENTE D'EXÉCUTION DE LA LOI,LAW ENFORCEMENT OFFICER AGENT D'EXÉCUTION DE LA LOI
ANOIT SUPERVISING NUCLEAR OPERATOR,SUPERVISING NUCLEAR OPERATOR,ANOIT SUPERVISING NUCLEAR OPERATOR,SUPERVISING NUCLEAR OPERATOR
COST AND SCHEDULING ANALYST,COST AND SCHEDULE ANALYST,COST AND SCHEDULING ANALYST,COST AND SCHEDULE ANALYST
DETECTIVE POLICE,POLICE DETECTIVE,DETECTIVE POLICE,POLICE DETECTIVE
OFFICER TRAINING,TRAINING OFFICER,OFFICER TRAINING,TRAINING OFFICER
TRAINING OFFICER EP,TRAINING OFFICER,TRAINING OFFICER EP,TRAINING OFFICER
REGIONAL MAINTAINER LINES UNION TRADES SUPERVISOR 2,REGIONAL MAINTAINER LINES UNION TRADES SUPERVISOR 3,REGIONAL MAINTAINER LINES UNION TRADES SUPERVISOR 2,REGIONAL MAINTAINER LINES UNION TRADES SUPERVISOR 3
REGIONAL MAINTAINER FORESTRY UNION TRADES SUPERVISOR 3,REGIONAL MAINTAINER LINES UNION TRADES SUPERVISOR 3,REGIONAL MAINTAINER FORESTRY UNION TRADES SUPERVISOR 3,REGIONAL MAINTAINER LINES UNION TRADES SUPERVISOR 3
REGIONAL MAINTAINER FORESTRY UNION TRADES SUPERVISOR 2,REGIONAL MAINTAINER LINES UNION TRADES SUPERVISOR 3,REGIONAL MAINTAINER FORESTRY UNION TRADES SUPERVISOR 2,REGIONAL MAINTAINER LINES UNION TRADES SUPERVISOR 3
REGIONAL MAINTAINER CIVIL UNION TRADES SUPERVISOR 2,REGIONAL MAINTAINER ELECTRICAL UNION TRADES SUPERVISOR 2,REGIONAL MAINTAINER CIVIL UNION TRADES SUPERVISOR 2,REGIONAL MAINTAINER ELECTRICAL UNION TRADES SUPERVISOR 2
REGIONAL MAINTAINER ELECTRICAL UNION TRADES SUPERVISOR 3,REGIONAL MAINTAINER ELECTRICAL UNION TRADES SUPERVISOR 2,REGIONAL MAINTAINER ELECTRICAL UNION TRADES SUPERVISOR 3,REGIONAL MAINTAINER ELECTRICAL UNION TRADES SUPERVISOR 2
,,LIBRARIANS,LIBRARIAN
,,LIBRARIAN 2,LIBRARIAN
,,LIBRARIAN V,LIBRARIAN
LEADER PROJECTS,PROJECT LEADER,LEADER PROJECTS,PROJECT LEADER
,,PROJECT LEADER 2,PROJECT LEADER
PROJECT LEAD,PROJECT LEADER,PROJECT LEAD,PROJECT LEADER
,,PROJECT LEADER II,PROJECT LEADER
DI PROJECT LEADER,PROJECT LEADER,DI PROJECT LEADER,PROJECT LEADER
FINANCE DIRECTOR,DIRECTOR OF FINANCE,FINANCE DIRECTOR,DIRECTOR OF FINANCE
DIRECTOR; FINANCE,DIRECTOR OF FINANCE,DIRECTOR; FINANCE,DIRECTOR OF FINANCE
DIRECTOR (FINANCE),DIRECTOR OF FINANCE,DIRECTOR (FINANCE),DIRECTOR OF FINANCE
DIRECTORFINANCE,DIRECTOR FINANCE,DIRECTORFINANCE,DIRECTOR FINANCE
ADIRECTOR FINANCE,DIRECTOR FINANCE,ADIRECTOR FINANCE,DIRECTOR FINANCE
COUNSELOR,COUNSELLOR,COUNSELOR,COUNSELLOR
,CLINICAL NURSE SPECIALIST,CLINICAL NURSE SPECIALIST II,CLINICAL NURSE SPECIALIST
HUMAN RESOURCES MANAGER,MANAGER HUMAN RESOURCES,HUMAN RESOURCES MANAGER,MANAGER HUMAN RESOURCES
MANAGER (HUMAN RESOURCES),MANAGER HUMAN RESOURCES,MANAGER (HUMAN RESOURCES),MANAGER OF HUMAN RESOURCES
HUMAN RESOURCE MANAGER,MANAGER HUMAN RESOURCES,HUMAN RESOURCE MANAGER,MANAGER OF HUMAN RESOURCES
MANAGER HUMAN RESOURCE,MANAGER HUMAN RESOURCES,MANAGER HUMAN RESOURCE,MANAGER OF HUMAN RESOURCES
MANGER HUMAN RESOURCES,MANAGER HUMAN RESOURCES,MANGER HUMAN RESOURCES,MANAGER HUMAN RESOURCES
SCIENTIST 4,SCIENTIST,SCIENTIST 4,SCIENTIST
SCIENTIST 3,SCIENTIST,SCIENTIST 3,SCIENTIST
SCIENTIST 1,SCIENTIST,SCIENTIST 1,SCIENTIST
SCIENTIST 2,SCIENTIST,SCIENTIST 2,SCIENTIST
SCIENTIST I,SCIENTIST,SCIENTIST I,SCIENTIST
TECHNICAL ENGINEER OFFICER,TECHNICAL ENGINEER OFFICER,TECHNICAL ENGINEER OFFICER,TECHNICAL ENGINEEROFFICER
ENGINEER TECHNICAL OFFICER,TECHNICAL ENGINEER OFFICER,ENGINEER TECHNICAL OFFICER,TECHNICAL ENGINEEROFFICER
SR TECHNICAL ENGINEER OFFICER,TECHNICAL ENGINEER OFFICER,SR TECHNICAL ENGINEER OFFICER,TECHNICAL ENGINEEROFFICER
OPERATIONS SUPERINTENDENT,SUPERINTENDENT OPERATIONS,OPERATIONS SUPERINTENDENT,SUPERINTENDENT OPERATIONS
SUPERINTENDENT OF OPERATIONS,SUPERINTENDENT OPERATIONS,SUPERINTENDENT OF OPERATIONS,SUPERINTENDENT OPERATIONS
,,OPERATING SUPERINTENDENT,SUPERINTENDENT OPERATIONS
,,SUPERINTENDENT BUS OPERATIONS,SUPERINTENDENT OPERATIONS
,,SUPERINTENDENT RAIL OPERATIONS,SUPERINTENDENT OPERATIONS
REGISTERED NURSEINFIRMIÈRE AUTORISÉ,REGISTERED NURSE,REGISTERED NURSEINFIRMIÈRE AUTORISÉ,REGISTERED NURSEINFIRMIÈRE AUTORISÉE
REGISTERED NURSEINFIMIÃ¨RE AUTORISÃ©E,REGISTERED NURSE,REGISTERED NURSEINFIMIÃ¨RE AUTORISÃ©E,REGISTERED NURSEINFIRMIÈRE AUTORISÉE
REGISTERED NURSEINFIRMIERE AUTORISE,REGISTERED NURSE,REGISTERED NURSEINFIRMIERE AUTORISE,REGISTERED NURSEINFIRMIÈRE AUTORISÉE
REGISTERED NURSEINFIRMIÊRE AUTHORISÉ,REGISTERED NURSE,REGISTERED NURSEINFIRMIÊRE AUTHORISÉ,REGISTERED NURSEINFIRMIÈRE AUTORISÉE
REGISTERED NURSEINFIRMIERE AUTORISEE,REGISTERED NURSE,REGISTERED NURSEINFIRMIERE AUTORISEE,REGISTERED NURSEINFIRMIÈRE AUTORISÉE
DIRECTOR PROGRAM,PROGRAM DIRECTOR,DIRECTOR PROGRAM,PROGRAM DIRECTOR
DIRECTOR PROGRAMS,PROGRAM DIRECTOR,DIRECTOR PROGRAMS,PROGRAM DIRECTOR
PROGRAMS DIRECTOR,PROGRAM DIRECTOR,PROGRAMS DIRECTOR,PROGRAM DIRECTOR
PROGRAMME DIRECTOR,PROGRAM DIRECTOR,PROGRAMME DIRECTOR,PROGRAM DIRECTOR
DIRECTOR PROGRAMME,PROGRAM DIRECTOR,DIRECTOR PROGRAMME,PROGRAM DIRECTOR
SUPERVISEUR SUPERVISOR,SUPERVISOR,SUPERVISEUR SUPERVISOR,SUPERVISOR SUPERVISEUR
SUPERVISOR SUPERVISEURE,SUPERVISOR,SUPERVISOR SUPERVISEURE,SUPERVISOR SUPERVISEUR
SUPERVISEURSUPERVISOR,SUPERVISOR,SUPERVISEURSUPERVISOR,SUPERVISOR SUPERVISEUR
DIRECTO LEGAL SERVICES,DIRECTOR LEGAL SERVICES,DIRECTO LEGAL SERVICES,DIRECTOR LEGAL SERVICES
DIRECTORLEGAL SERVICES,DIRECTOR LEGAL SERVICES,DIRECTORLEGAL SERVICES,DIRECTOR LEGAL SERVICES
DIRECTOR OF LEGAL SERVICES,DIRECTOR LEGAL SERVICES,DIRECTOR OF LEGAL SERVICES,DIRECTOR LEGAL SERVICES
DIRECTOR LEGAL SERVS,DIRECTOR LEGAL SERVICES,DIRECTOR LEGAL SERVS,DIRECTOR LEGAL SERVICES
DIRECTOR LEGAL SERVICES IPC,DIRECTOR LEGAL SERVICES,DIRECTOR LEGAL SERVICES IPC,DIRECTOR LEGAL SERVICES
SERGEANT SERGENTE,SERGEANT,SERGEANT SERGENTE,SERGEANT SERGENT
SERGEANTSERGENT,SERGEANT,SERGEANTSERGENT,SERGEANT SERGENT
DIRECTION ADJOINTE D'ÉCOLE,DIRECTION ADJOINTE D'Ã©COLE,DIRECTION ADJOINTE D'ÉCOLE,DIRECTION ADJOINTE D'Ã©COLE
DIRECTION ADJOINTE D'ÃCOLE,DIRECTION ADJOINTE D'Ã©COLE,DIRECTION ADJOINTE D'ÃCOLE,DIRECTION ADJOINTE D'Ã©COLE
DIRECTION D'Ã©COLE ADJOINTE,DIRECTION ADJOINTE D'Ã©COLE,DIRECTION D'Ã©COLE ADJOINTE,DIRECTION ADJOINTE D'Ã©COLE
DIRECTION D'ÉCOLE ADJOINTE,DIRECTION ADJOINTE D'Ã©COLE,DIRECTION D'ÉCOLE ADJOINTE,DIRECTION ADJOINTE D'Ã©COLE
DIRECTION ADJOINT D'ÉCOLE,DIRECTION ADJOINTE D'Ã©COLE,DIRECTION ADJOINT D'ÉCOLE,DIRECTION ADJOINTE D'Ã©COLE
PROFESSOR DENTISTRY,PROFESSOR,PROFESSOR DENTISTRY,PROFESSOR OF DENTISTRY
CHIEF OF POLICE (A),POLICE CHIEF,CHIEF OF POLICE (A),CHIEF OF POLICE
PRESIDING JUSTICE OF THE PEACE OCJ,PRESIDING JUSTICE OF THE PEACE,PRESIDING JUSTICE OF THE PEACE OCJ,PRESIDING JUSTICE OF THE PEACE
SITTING JUSTICE OF THE PEACE,PRESIDING JUSTICE OF THE PEACE,SITTING JUSTICE OF THE PEACE,PRESIDING JUSTICE OF THE PEACE
STAFF SERGEANT POLICE,STAFF SERGEANT,STAFF SERGEANT POLICE,POLICE STAFF SERGEANT
DIRECTOR DEPUTY,DEPUTY DIRECTOR,DIRECTOR DEPUTY,DEPUTY DIRECTOR
DEPUTY DIRECTOR IT,DEPUTY DIRECTOR,DEPUTY DIRECTOR IT,DEPUTY DIRECTOR
PROFESSOR ENGLISH,PROFESSOR,PROFESSOR ENGLISH,PROFESSOR OF ENGLISH
FULL PROFESSOR ENGLISH,PROFESSOR,FULL PROFESSOR ENGLISH,PROFESSOR OF ENGLISH
CONSTABLE 1ST CLASS,1ST CLASS CONSTABLE,CONSTABLE 1ST CLASS,1ST CLASS CONSTABLE
CONSTABLE CLASS 1,1ST CLASS CONSTABLE,CONSTABLE CLASS 1,1ST CLASS CONSTABLE
,,PRESIDENTCAO,PRESIDENTCEO
,,PRESIDENTCOO,PRESIDENTCEO
,,PRESIDENTCFO,PRESIDENTCEO
PROFESSOR ECONOMICS,PROFESSOR,PROFESSOR ECONOMICS,PROFESSOR OF ECONOMICS
PROFESSOR (ECONOMICS),PROFESSOR,PROFESSOR (ECONOMICS),PROFESSOR OF ECONOMICS
FULL PROFESSOR ECONOMICS,PROFESSOR,FULL PROFESSOR ECONOMICS,PROFESSOR OF ECONOMICS
SENIOR POLICY ADVISOR CONSEILLÈRE PRINCIPALE EN POLITIQUES,SENIOR POLICY ADVISOR,SENIOR POLICY ADVISOR CONSEILLÈRE PRINCIPALE EN POLITIQUES,SENIOR POLICY ADVISOR CONSEILLÃ¨RE PRINCIPALE EN POLITIQUES
SENIOR POLICY ADVISORÂ Â CONSEILLÃ¨RE PRINCIPALE EN POLITIQUES,SENIOR POLICY ADVISOR,SENIOR POLICY ADVISORÂ Â CONSEILLÃ¨RE PRINCIPALE EN POLITIQUES,SENIOR POLICY ADVISOR CONSEILLÃ¨RE PRINCIPALE EN POLITIQUES
SENIOR POLICY ADVISOR CONSEILLER PRINCIPALE EN POLITIQUES,SENIOR POLICY ADVISOR,SENIOR POLICY ADVISOR CONSEILLER PRINCIPALE EN POLITIQUES,SENIOR POLICY ADVISOR CONSEILLÃ¨RE PRINCIPALE EN POLITIQUES
SENIOR POLICY ADVISOR CONSEILLER PRINCIPAL EN POLITIQUES,SENIOR POLICY ADVISOR,SENIOR POLICY ADVISOR CONSEILLER PRINCIPAL EN POLITIQUES,SENIOR POLICY ADVISOR CONSEILLÃ¨RE PRINCIPALE EN POLITIQUES
SENIOR POLICY ADVISOR CONSEILLÃ¨RE PRINCIPALE EN POLITIQUE,SENIOR POLICY ADVISOR,SENIOR POLICY ADVISOR CONSEILLÃ¨RE PRINCIPALE EN POLITIQUE,SENIOR POLICY ADVISOR CONSEILLÃ¨RE PRINCIPALE EN POLITIQUES
TEACHER SECONDARY SCHOOL,TEACHER,TEACHER SECONDARY SCHOOL,SECONDARY SCHOOL TEACHER
PROFESSOR OF PYSCHOLOGY,PROFESSOR,PROFESSOR OF PYSCHOLOGY,PROFESSOR OF PSYCHOLOGY
PROFESSOR PSYCHOLOGY,PROFESSOR,PROFESSOR PSYCHOLOGY,PROFESSOR OF PSYCHOLOGY
FULL PROFESSOR PSYCHOLOGY,PROFESSOR,FULL PROFESSOR PSYCHOLOGY,PROFESSOR OF PSYCHOLOGY
SECONDARY CURRICULUM LEADER,CURRICULUM LEADER SECONDARY,SECONDARY CURRICULUM LEADER,CURRICULUM LEADER SECONDARY
CURRICULUM LEADER SECOND,CURRICULUM LEADER SECONDARY,CURRICULUM LEADER SECOND,CURRICULUM LEADER SECONDARY
PROFESSOR LAW,PROFESSOR,PROFESSOR LAW,PROFESSOR OF LAW
ANALYST SENIOR FINANCIAL,SENIOR FINANCIAL ANALYST,ANALYST SENIOR FINANCIAL,SENIOR FINANCIAL ANALYST
SENIOR FINANCIAL TAX ANALYST,SENIOR FINANCIAL ANALYST,SENIOR FINANCIAL TAX ANALYST,SENIOR FINANCIAL ANALYST
,,SOCIAL WORKER II,SOCIAL WORKER
PROFESSOR OF POLITICAL SCIENCES,PROFESSOR,PROFESSOR OF POLITICAL SCIENCES,PROFESSOR OF POLITICAL SCIENCE
PROFESSOR POLITICAL SCIENCE,PROFESSOR,PROFESSOR POLITICAL SCIENCE,PROFESSOR OF POLITICAL SCIENCE
FULL PROFESSOR POLITICAL SCIENCE,PROFESSOR,FULL PROFESSOR POLITICAL SCIENCE,PROFESSOR OF POLITICAL SCIENCE
PROFESSOR POLITICAL SCIENCES,PROFESSOR,PROFESSOR POLITICAL SCIENCES,PROFESSOR OF POLITICAL SCIENCE
PROF OF POLITICAL SCIENCE,PROFESSOR,PROF OF POLITICAL SCIENCE,PROFESSOR OF POLITICAL SCIENCE
INSPECTOR POLICE,INSPECTOR,INSPECTOR POLICE,POLICE INSPECTOR
INSPECTORPOLICE,INSPECTOR,INSPECTORPOLICE,POLICE INSPECTOR
INSPECTOR OF POLICE,INSPECTOR,INSPECTOR OF POLICE,POLICE INSPECTOR
INSPECTOR II POLICE,INSPECTOR,INSPECTOR II POLICE,POLICE INSPECTOR
GENERAL MANGER,GENERAL MANAGER,GENERAL MANGER,GENERAL MANAGER
,,GENERAL MANAGERCNE,GENERAL MANAGER
,,GENERAL MANAGERCOO,GENERAL MANAGER
,,GENERAL MANAGERCEO,GENERAL MANAGER
,,CEOGENERAL MANAGER,GENERAL MANAGER
SENIOR COUNSEL OF LEGAL,SENIOR LEGAL COUNSEL,SENIOR COUNSEL OF LEGAL,SENIOR LEGAL COUNSEL
SENIOR LEGAL COUNSEL OSC,SENIOR LEGAL COUNSEL,SENIOR LEGAL COUNSEL OSC,SENIOR LEGAL COUNSEL
SENIOR LEGAL COUNCIL,SENIOR LEGAL COUNSEL,SENIOR LEGAL COUNCIL,SENIOR LEGAL COUNSEL
SECONDARY DEPARTMENT HEAD,DEPARTMENT HEAD SECONDARY,SECONDARY DEPARTMENT HEAD,DEPARTMENT HEAD SECONDARY
DEPARTMENT HEADSECONDARY,DEPARTMENT HEAD SECONDARY,DEPARTMENT HEADSECONDARY,DEPARTMENT HEAD SECONDARY
DIRECTOR OF FINANCES,DIRECTOR OF FINANCE,DIRECTOR OF FINANCES,DIRECTOR OF FINANCE
DIRECTOR I FINANCE,DIRECTOR OF FINANCE,DIRECTOR I FINANCE,DIRECTOR OF FINANCE
ADMMINISTRATOR,ADMINISTRATOR,ADMMINISTRATOR,ADMINISTRATOR
,,CEOADMINISTRATOR,ADMINISTRATOR
,,ADMINISTRATOR HR,ADMINISTRATOR
,,ADMINISTRATORCEO,ADMINISTRATOR
PROJECT MANAGER\CHEF DE PROJET,PROJECT MANAGER,PROJECT MANAGER\CHEF DE PROJET,SENIOR PROJECT MANAGER CHEF DE PROJET
PROJECT MANAGER CHEF DE PROJETS,PROJECT MANAGER,PROJECT MANAGER CHEF DE PROJETS,SENIOR PROJECT MANAGER CHEF DE PROJET
PROJECT MANAGER CHARGÉE DE PROJET,PROJECT MANAGER,PROJECT MANAGER CHARGÉE DE PROJET,PROJECT MANAGER CHEF DE PROJET
PROJECT MANAGER PROJETS (CHEF),PROJECT MANAGER,PROJECT MANAGER PROJETS (CHEF),PROJECT MANAGER CHEF DE PROJET
PROJECT MANAGER CHARGÃ© DE PROJET,PROJECT MANAGER,PROJECT MANAGER CHARGÃ© DE PROJET,PROJECT MANAGER CHEF DE PROJET
PROFESSOR ELECTRICAL AND COMPUTER ENGINEERING,PROFESSOR,PROFESSOR ELECTRICAL AND COMPUTER ENGINEERING,PROFESSOR OF ELECTRICAL AND COMPUTER ENGINEERING
PROF OF ELECTRICAL AND COMPUTER ENGINEERING,PROFESSOR,PROF OF ELECTRICAL AND COMPUTER ENGINEERING,PROFESSOR OF ELECTRICAL AND COMPUTER ENGINEERING
PROFESSOR; HEAD ELECTRICAL AND COMPUTER ENGINEERING,PROFESSOR,PROFESSOR; HEAD ELECTRICAL AND COMPUTER ENGINEERING,PROFESSOR OF ELECTRICAL AND COMPUTER ENGINEERING
HEAD ELECTRICAL AND COMPUTER ENGINEERING; PROFESSOR,PROFESSOR,HEAD ELECTRICAL AND COMPUTER ENGINEERING; PROFESSOR,PROFESSOR OF ELECTRICAL AND COMPUTER ENGINEERING
PROFESSOR HEAD ELECTRICAL AND COMPUTER ENGINEERING,PROFESSOR,PROFESSOR HEAD ELECTRICAL AND COMPUTER ENGINEERING,PROFESSOR OF ELECTRICAL AND COMPUTER ENGINEERING
CHIEF OPERATING OFFFICER,CHIEF OPERATING OFFICER,CHIEF OPERATING OFFFICER,CHIEF OPERATING OFFICER
CHIEF OPERATION OFFICER,CHIEF OPERATING OFFICER,CHIEF OPERATION OFFICER,CHIEF OPERATING OFFICER
CHEIF OPERATING OFFICER,CHIEF OPERATING OFFICER,CHEIF OPERATING OFFICER,CHIEF OPERATING OFFICER
GMCHIEF OPERATING OFFICER,CHIEF OPERATING OFFICER,GMCHIEF OPERATING OFFICER,CHIEF OPERATING OFFICER
CHIEF OPERATIONS OFFICER,CHIEF OPERATING OFFICER,CHIEF OPERATIONS OFFICER,CHIEF OPERATING OFFICER
,,MANAGER EMERGENCY RESPONSE,SHIFT EMERGENCY RESPONSE MANAGER
TEAM MEMBER MEMBRE DE L'ÉQUIPE,TEAM MEMBER,TEAM MEMBER MEMBRE DE L'ÉQUIPE,TEAM MEMBER MEMBRE DE L'Ã©QUIPE
,,SR PROTECTION AND CONTROL TECHNOLOGIST,PROTECTION AND CONTROL TECHNOLOGIST
PROTECTION CONTROL TECHNOLOGIST,PROTECTION AND CONTROL TECHNOLOGIST,PROTECTION CONTROL TECHNOLOGIST,PROTECTION AND CONTROL TECHNOLOGIST
PROTECTION AND CONTROL TECHNOL,PROTECTION AND CONTROL TECHNOLOGIST,PROTECTION AND CONTROL TECHNOL,PROTECTION AND CONTROL TECHNOLOGIST
,,PROTECTION AND CONTROL TECHNOLOGIST TRAINEE,PROTECTION AND CONTROL TECHNOLOGIST
,,SUPV PROTECTION AND CNTRL TECHNOLOGIST,PROTECTION AND CONTROL TECHNOLOGIST
POLICE FIRST CLASS CONSTABLE,CONSTABLE FIRST CLASS,POLICE FIRST CLASS CONSTABLE,POLICE CONSTABLE FIRST CLASS
FIRST CLASS POLICE CONSTABLE,CONSTABLE FIRST CLASS,FIRST CLASS POLICE CONSTABLE,POLICE CONSTABLE FIRST CLASS
CONSTABLE FIRST CLASS POLICE,CONSTABLE FIRST CLASS,CONSTABLE FIRST CLASS POLICE,POLICE CONSTABLE FIRST CLASS
FIRST CLASS CONSTABLE POLICE,CONSTABLE FIRST CLASS,FIRST CLASS CONSTABLE POLICE,POLICE CONSTABLE FIRST CLASS
POLICE CONSTABLEFIRST CLASS,CONSTABLE FIRST CLASS,POLICE CONSTABLEFIRST CLASS,POLICE CONSTABLE FIRST CLASS
SR MEDICAL PHYSICIST,SENIOR MEDICAL PHYSICIST,SR MEDICAL PHYSICIST,SENIOR MEDICAL PHYSICIST
DUPUTY CHIEF,DEPUTY CHIEF,DUPUTY CHIEF,DEPUTY CHIEF
,,AUDIOLOGIST,RADIOLOGIST
,,FIELD TRAINING OFFICER LEVEL 1,FIELD TRAINING OFFICER LEVEL 3
,,FIELD TRAINING OFFICER LEVEL 2,FIELD TRAINING OFFICER LEVEL 3
,,FIELD TRAINING OFFICER LEVEL,FIELD TRAINING OFFICER LEVEL 3
,,FIELD TRAINING OFFICE LEVEL 2,FIELD TRAINING OFFICER LEVEL 3
,,HEAD TEACHER ELEMENTARY SCHOOL,ELEMENTARY SCHOOL TEACHER
,,SENIOR TECHNICAL SUPPORT SPECIALIST,SENIOR TECHNICAL SUPPORT SPECIALIST 1
,,SENIOR TECHNICAL SPECIALIST SIMS,SENIOR TECHNICAL SPECIALIST
,,SENIOR TECHNICAL SPECIALIST: SIMS,SENIOR TECHNICAL SPECIALIST
PROFESSOR MATHEMATICS,PROFESSOR,PROFESSOR MATHEMATICS,PROFESSOR OF MATHEMATICS
PROFESSOR (MATHEMATICS),PROFESSOR,PROFESSOR (MATHEMATICS),PROFESSOR OF MATHEMATICS
HEAD TEACHER,TEACHER HEAD,HEAD TEACHER,TEACHER HEAD
,,TEACHER LEAD,TEACHER HEAD
SUPERVISOR MAINTENANCE TRADES,TRADES SUPERVISOR MAINTENANCE,SUPERVISOR MAINTENANCE TRADES,TRADES SUPERVISOR MAINTENANCE
,,TRANSIT SUPERVISOR MAINTENANCE,TRADES SUPERVISOR MAINTENANCE
,,SR MEDICAL CONSULTANT,MEDICAL CONSULTANT
MEDICAL CONSULT,MEDICAL CONSULTANT,MEDICAL CONSULT,MEDICAL CONSULTANT
PROFESSOR PHYSICS,PROFESSOR,PROFESSOR PHYSICS,PROFESSOR OF PHYSICS
FULL PROFESSOR PHYSICS,PROFESSOR,FULL PROFESSOR PHYSICS,PROFESSOR OF PHYSICS
PROFESOR OF COMPUTER SCIENCE,PROFESSOR,PROFESOR OF COMPUTER SCIENCE,PROFESSOR OF COMPUTER SCIENCE
PROFESSOR COMPUTER SCIENCE,PROFESSOR,PROFESSOR COMPUTER SCIENCE,PROFESSOR OF COMPUTER SCIENCE
PROF OF COMPUTER SCIENCE,PROFESSOR,PROF OF COMPUTER SCIENCE,PROFESSOR OF COMPUTER SCIENCE
NURSE MANAGER,MANAGER NURSE,NURSE MANAGER,MANAGER NURSE
NURSE MANAGER 1,MANAGER NURSE,NURSE MANAGER 1,MANAGER NURSE
,,MANAGER II NURSE,MANAGER NURSE
,,SHIFT MANAGER 2,SHIFT MANAGER
,,SHIFT MANAGER B,SHIFT MANAGER
DIRECTEUR DIRECTOR,DIRECTOR,DIRECTEUR DIRECTOR,DIRECTOR DIRECTEUR
DIRECTEURDIRECTOR,DIRECTOR,DIRECTEURDIRECTOR,DIRECTOR DIRECTEUR
DIRECTOR 1DIRECTEUR 1,DIRECTOR,DIRECTOR 1DIRECTEUR 1,DIRECTOR DIRECTEUR
DIRECTOR 2DIRECTEUR 2,DIRECTOR 2,DIRECTOR 2DIRECTEUR 2,DIRECTOR DIRECTEUR
DIRECTOR ADIRECTEUR A,DIRECTOR,DIRECTOR ADIRECTEUR A,DIRECTOR DIRECTEUR
PARAMÃ©DIC,PARAMEDIC,PARAMÃ©DIC,PARAMEDIC
PARAMEDIC 2,PARAMEDIC,PARAMEDIC 2,PARAMEDIC
,,PARAMEDIC 1,PARAMEDIC
DIRECTOR (INFORMATION TECHNOLOGY),DIRECTOR INFORMATION TECHNOLOGY,DIRECTOR (INFORMATION TECHNOLOGY),DIRECTOR INFORMATION TECHNOLOGY
INFORMATION TECHNOLOGY DIRECTOR,DIRECTOR INFORMATION TECHNOLOGY,INFORMATION TECHNOLOGY DIRECTOR,DIRECTOR INFORMATION TECHNOLOGY
DIRECTOR OF INFORMATION TECHNOLOGY,DIRECTOR INFORMATION TECHNOLOGY,DIRECTOR OF INFORMATION TECHNOLOGY,DIRECTOR INFORMATION TECHNOLOGY
DIRECTOR INFORMATION AND TECHNOLOGY,DIRECTOR INFORMATION TECHNOLOGY,DIRECTOR INFORMATION AND TECHNOLOGY,DIRECTOR INFORMATION TECHNOLOGY
DIRECTOR INFORMATION TECHNOLOGIES,DIRECTOR INFORMATION TECHNOLOGY,DIRECTOR INFORMATION TECHNOLOGIES,DIRECTOR INFORMATION TECHNOLOGY
MANAGER GESTIONNAIRE,GESTIONNAIRE MANAGER,MANAGER GESTIONNAIRE,GESTIONNAIRE MANAGER
GESTIONNAIREMANAGER,GESTIONNAIRE MANAGER,GESTIONNAIREMANAGER,GESTIONNAIRE MANAGER
,,MANAGER 2GESTIONNAIRE 2,GESTIONNAIRE MANAGER
,,MANAGER 1GESTIONNAIRE 1,GESTIONNAIRE MANAGER
,,MANAGER 3GESTIONNAIRE 3,GESTIONNAIRE MANAGER
PROFESSOR SOCIOLOGY,PROFESSOR,PROFESSOR SOCIOLOGY,PROFESSOR OF SOCIOLOGY
FULL PROFESSOR SOCIOLOGY,PROFESSOR,FULL PROFESSOR SOCIOLOGY,PROFESSOR OF SOCIOLOGY
PROFESSOR OF ZOOLOGY,PROFESSOR,PROFESSOR OF ZOOLOGY,PROFESSOR OF SOCIOLOGY
NURSE PRACTITIONER INFIRMIÈRE PRATICIENNE,NURSE PRACTITIONER,NURSE PRACTITIONER INFIRMIÈRE PRATICIENNE,NURSE PRACTITIONER INFIRMIÃ¨RE PRATICIENNE
NURSE PRACTITIONER\INFIRMIÃ¨RE PRATICIENNE,NURSE PRACTITIONER,NURSE PRACTITIONER\INFIRMIÃ¨RE PRATICIENNE,NURSE PRACTITIONER INFIRMIÃ¨RE PRATICIENNE
NURSE PRACTITIONER\INFIRMIÈRE PRATICIENNE,NURSE PRACTITIONER,NURSE PRACTITIONER\INFIRMIÈRE PRATICIENNE,NURSE PRACTITIONER INFIRMIÃ¨RE PRATICIENNE
INFIRMIÈRE PRATICIENNE NURSE PRACTITIONER,NURSE PRACTITIONER,INFIRMIÈRE PRATICIENNE NURSE PRACTITIONER,NURSE PRACTITIONER INFIRMIÃ¨RE PRATICIENNE
INFIRMIÃ¨RE PRATICIENNE NURSE PRACTITIONER,NURSE PRACTITIONER,INFIRMIÃ¨RE PRATICIENNE NURSE PRACTITIONER,NURSE PRACTITIONER INFIRMIÃ¨RE PRATICIENNE
SUPERVISOR MECHANICAL,MECHANICAL SUPERVISOR,SUPERVISOR MECHANICAL,MECHANICAL SUPERVISOR
SUPERVISOR MECHANIC,MECHANICAL SUPERVISOR,SUPERVISOR MECHANIC,MECHANICAL SUPERVISOR
MECHANIC SUPERVISOR,MECHANICAL SUPERVISOR,MECHANIC SUPERVISOR,MECHANICAL SUPERVISOR
PROFESSOR MANAGEMENT,PROFESSOR,PROFESSOR MANAGEMENT,PROFESSOR OF MANAGEMENT
PROFESSOR HISTORY,PROFESSOR,PROFESSOR HISTORY,PROFESSOR OF HISTORY
PROFESSOR OF ART HISTORY,PROFESSOR,PROFESSOR OF ART HISTORY,PROFESSOR OF HISTORY
PROFESSOR OF CHEMISTRY,PROFESSOR,PROFESSOR OF CHEMISTRY,PROFESSOR OF HISTORY
ADMINISTRATOR DATABASE,DATABASE ADMINISTRATOR,ADMINISTRATOR DATABASE,DATABASE ADMINISTRATOR
,,DATABASE ADMINISTRATOR III,DATABASE ADMINISTRATOR
,,DATA ADMINISTRATOR,DATABASE ADMINISTRATOR
,,LEAD DATABASE ADMINISTRATOR,DATABASE ADMINISTRATOR
,,LEAD ADMINISTRATOR DATABASE,DATABASE ADMINISTRATOR
SUPERINTENDENT SCHOOLS,SUPERINTENDENT OF SCHOOLS,SUPERINTENDENT SCHOOLS,SUPERINTENDENT OF SCHOOLS
,,SUPERINTENDENT SAFE SCHOOLS,SUPERINTENDENT OF SCHOOLS
FIRST LINE MANAGER INSPECTION AND MAINTENANCE DIVER,FIRST LINE MANAGER INSPECTION AND MAINTENANCE,FIRST LINE MANAGER INSPECTION AND MAINTENANCE DIVER,FIRST LINE MANAGER INSPECTION AND MAINTENANCE
PYSCHOLOGICAL ASSOCIATE,PSYCHOLOGICAL ASSOCIATE,PYSCHOLOGICAL ASSOCIATE,PSYCHOLOGICAL ASSOCIATE
COMMANDER COMMANDANTE,COMMANDER,COMMANDER COMMANDANTE,COMMANDER COMMANDANT
SENIOR ANALYST SYSTEMS,SENIOR SYSTEMS ANALYST,SENIOR ANALYST SYSTEMS,SENIOR SYSTEMS ANALYST
SENIOR SYSTEM ANALYST,SENIOR SYSTEMS ANALYST,SENIOR SYSTEM ANALYST,SENIOR SYSTEMS ANALYST
SENIOR IT SYSTEMS ANALYST,SENIOR SYSTEMS ANALYST,SENIOR IT SYSTEMS ANALYST,SENIOR SYSTEMS ANALYST
SENIOR SYSTEMS ANALYST SAP,SENIOR SYSTEMS ANALYST,SENIOR SYSTEMS ANALYST SAP,SENIOR SYSTEMS ANALYST
SENIOR PAY SYSTEMS ANALYST,SENIOR SYSTEMS ANALYST,SENIOR PAY SYSTEMS ANALYST,SENIOR SYSTEMS ANALYST
PHARMACIST \PHARMACIENNE,PHARMACIST,PHARMACIST \PHARMACIENNE,PHARMACIST PHARMACIENNE
PHARMACIENNE PHARMACIST,PHARMACIST,PHARMACIENNE PHARMACIST,PHARMACIST PHARMACIENNE
PHARMACIST\PHARMACIENNE,PHARMACIST,PHARMACIST\PHARMACIENNE,PHARMACIST PHARMACIENNE
PHARMACIST PHARMACIEN,PHARMACIST,PHARMACIST PHARMACIEN,PHARMACIST PHARMACIENNE
PHARMACIST \PHARMACIEN,PHARMACIST,PHARMACIST \PHARMACIEN,PHARMACIST PHARMACIENNE
BUILDINGS ENGINEER,BUILDING ENGINEER,BUILDINGS ENGINEER,BUILDING ENGINEER
MANAGER SERVICES,SERVICE MANAGER,MANAGER SERVICES,SERVICE MANAGER
SERVICES MANAGER,SERVICE MANAGER,SERVICES MANAGER,SERVICE MANAGER
MANAGER OF SERVICE,SERVICE MANAGER,MANAGER OF SERVICE,SERVICE MANAGER
MANAGER SENIOR,SENIOR MANAGER,MANAGER SENIOR,SENIOR MANAGER
SENIOR MANGER,SENIOR MANAGER,SENIOR MANGER,SENIOR MANAGER
,,MANAGER SENIOR IT,SENIOR AUDIT MANAGER
,,SENIOR MANAGER IT,SENIOR AUDIT MANAGER
,,SENIOR HR MANAGER,SENIOR MANAGER
SR NETWORK MANAGEMENT ENGINEEROFFICER,SENIOR NETWORK MANAGEMENT ENGINEEROFFICER,SR NETWORK MANAGEMENT ENGINEEROFFICER,SENIOR NETWORK MANAGEMENT ENGINEEROFFICER
NETWORK MANAGEMENT ENGINEEROFFICER,SENIOR NETWORK MANAGEMENT ENGINEEROFFICER,NETWORK MANAGEMENT ENGINEEROFFICER,SENIOR NETWORK MANAGEMENT ENGINEEROFFICER
MEDICAL OFFICE OF HEALTH,MEDICAL OFFICER OF HEALTH,MEDICAL OFFICE OF HEALTH,MEDICAL OFFICER OF HEALTH
,,MEDICAL OFFICER OF HEALTHCEO,MEDICAL OFFICER OF HEALTH
MEDICAL OFFICER HEALTH,MEDICAL OFFICER OF HEALTH,MEDICAL OFFICER HEALTH,MEDICAL OFFICER OF HEALTH
,,MEDICAL OFFICER OF HEALTH CEO,MEDICAL OFFICER OF HEALTH
ASST MEDICAL OFFICER OF HEALTH,ASSISTANT MEDICAL OFFICER OF HEALTH,ASST MEDICAL OFFICER OF HEALTH,ASSOCIATE MEDICAL OFFICER OF HEALTH
ACUTE CARE NURSE PRACTITIONER,NURSE PRACTITIONER,ACUTE CARE NURSE PRACTITIONER,NURSE PRACTITIONER ACUTE CARE
SECTION MANAGER SEWER MAINTENANCE,SECTION MANAGER MAINTENANCE,SECTION MANAGER SEWER MAINTENANCE,SECTION MANAGER MAINTENANCE
DIRECTOR OF HUMAN RESOUCES,DIRECTOR OF HUMAN RESOURCES,DIRECTOR OF HUMAN RESOUCES,DIRECTOR OF HUMAN RESOURCES
DIRECTOR OF HUMAN REOURCES,DIRECTOR OF HUMAN RESOURCES,DIRECTOR OF HUMAN REOURCES,DIRECTOR OF HUMAN RESOURCES
,,SNR PROVINCIAL JUDGE OCJ,PROVINCIAL JUDGE OCJ
CORPORATE SERVICES DIRECTOR,DIRECTOR CORPORATE SERVICES,CORPORATE SERVICES DIRECTOR,DIRECTOR CORPORATE SERVICES
DIRECTOR CORPORATE SERVICE,DIRECTOR CORPORATE SERVICES,DIRECTOR CORPORATE SERVICE,DIRECTOR CORPORATE SERVICES
DIRECTOR SERVICE CORPORATE,DIRECTOR CORPORATE SERVICES,DIRECTOR SERVICE CORPORATE,DIRECTOR CORPORATE SERVICES
DIRECTOR OF CORPORATE SERVICES,DIRECTOR CORPORATE SERVICES,DIRECTOR OF CORPORATE SERVICES,DIRECTOR CORPORATE SERVICES
,,DIRECTOR HR CORPORATE SERVICES,DIRECTOR CORPORATE SERVICES
REGISTERED NURSE INFIRMIER AUTORISÉ,REGISTERED NURSE,REGISTERED NURSE INFIRMIER AUTORISÉ,REGISTERED NURSE INFIRMIER(IÃ¨RE) AUTORISÃ©(E)
INFIRMIER AUTORISÃ© REGISTERED NURSE,REGISTERED NURSE,INFIRMIER AUTORISÃ© REGISTERED NURSE,REGISTERED NURSE INFIRMIER(IÃ¨RE) AUTORISÃ©(E)
REGISTERED NURSE INFIRMIER AUTORISE,REGISTERED NURSE,REGISTERED NURSE INFIRMIER AUTORISE,REGISTERED NURSE INFIRMIER(IÃ¨RE) AUTORISÃ©(E)
REGISTERED NURSE\INFIRMIER AUTHORISÃ©,REGISTERED NURSE,REGISTERED NURSE\INFIRMIER AUTHORISÃ©,REGISTERED NURSE INFIRMIER AUTORISÃ©
REGISTERED NURSE INFIMIER AUTORISÃ©,REGISTERED NURSE,REGISTERED NURSE INFIMIER AUTORISÃ©,REGISTERED NURSE INFIRMIER AUTORISÃ©
PROFESSOR OF PHILOSOPY,PROFESSOR,PROFESSOR OF PHILOSOPY,PROFESSOR OF PHILOSOPHY
PROFESSOR PHILOSOPHY,PROFESSOR,PROFESSOR PHILOSOPHY,PROFESSOR OF PHILOSOPHY
FULL PROFESSOR PHILOSOPHY,PROFESSOR,FULL PROFESSOR PHILOSOPHY,PROFESSOR OF PHILOSOPHY
PROFESSOR HEAD OF PHILOSOPHY,PROFESSOR,PROFESSOR HEAD OF PHILOSOPHY,PROFESSOR OF PHILOSOPHY
ADVANCE PRACTICE NURSE,ADVANCED PRACTICE NURSE,ADVANCE PRACTICE NURSE,ADVANCED PRACTICE NURSE
ADVANCE PRACTICAL NURSE,ADVANCED PRACTICE NURSE,ADVANCE PRACTICAL NURSE,ADVANCED PRACTICE NURSE
DIRECTOR OF OPERATION,DIRECTOR OF OPERATIONS,DIRECTOR OF OPERATION,DIRECTOR OF OPERATIONS
,,DIRECTOR GOLF OPERATIONS,DIRECTOR OF OPERATIONS
DIRECTOR OPERATIONS,DIRECTOR OF OPERATIONS,DIRECTOR OPERATIONS,DIRECTOR OF OPERATIONS
OPERATIONS DIRECTOR,DIRECTOR OF OPERATIONS,OPERATIONS DIRECTOR,DIRECTOR OF OPERATIONS
,,DIRECTOR IT OPERATIONS,DIRECTOR OF OPERATIONS
REGISTRAIRE,REGISTRAR,REGISTRAIRE,REGISTRAR
,,FIRST LINE MANAGER MAINTENANCE,FIRST LINE MANAGER CIVIL MAINTENANCE
ASSISTANT TECHNICAL ENGINEER OFFICER,ASSISTANT TECHNICAL ENGINEEROFFICER,ASSISTANT TECHNICAL ENGINEER OFFICER,ASSISTANT TECHNICAL ENGINEEROFFICER
ASSISTANT TECHNICAL ENGOFFICER,ASSISTANT TECHNICAL ENGINEEROFFICER,ASSISTANT TECHNICAL ENGOFFICER,ASSISTANT TECHNICAL ENGINEEROFFICER
ASSISTANT TECHNICAL ENG OFFICER,ASSISTANT TECHNICAL ENGINEEROFFICER,ASSISTANT TECHNICAL ENG OFFICER,ASSISTANT TECHNICAL ENGINEEROFFICER
PRINCIPAL SECONDARY SCHOOL,PRINCIPAL,PRINCIPAL SECONDARY SCHOOL,SECONDARY SCHOOL PRINCIPAL
PRINCIPAL SECONDARY SCHOOLS,PRINCIPAL,PRINCIPAL SECONDARY SCHOOLS,SECONDARY SCHOOL PRINCIPAL
SECONDARY SCHOOL VICE PRINCIPAL,VICE PRINCIPAL,SECONDARY SCHOOL VICE PRINCIPAL,SECONDARY SCHOOL PRINCIPAL
VICE PRINCIPAL SECONDARY SCHOOL,VICE PRINCIPAL,VICE PRINCIPAL SECONDARY SCHOOL,SECONDARY SCHOOL PRINCIPAL
DIRECTOR (FINANCIAL SERVICES),DIRECTOR FINANCIAL SERVICES,DIRECTOR (FINANCIAL SERVICES),DIRECTOR FINANCIAL SERVICES
DIRECTORFINANCIAL SERVICES,DIRECTOR FINANCIAL SERVICES,DIRECTORFINANCIAL SERVICES,DIRECTOR FINANCIAL SERVICES
DIRECTOR FINANCIAL SERVICE,DIRECTOR FINANCIAL SERVICES,DIRECTOR FINANCIAL SERVICE,DIRECTOR FINANCIAL SERVICES
DIRECTOR OF FINANCIAL SERVICES,DIRECTOR FINANCIAL SERVICES,DIRECTOR OF FINANCIAL SERVICES,DIRECTOR FINANCIAL SERVICES
DIRECTOR FINANCE SERVICES,DIRECTOR FINANCIAL SERVICES,DIRECTOR FINANCE SERVICES,DIRECTOR FINANCIAL SERVICES
DIRECTOR CLINICAL,CLINICAL DIRECTOR,DIRECTOR CLINICAL,CLINICAL DIRECTOR
CLINCAL DIRECTOR,CLINICAL DIRECTOR,CLINCAL DIRECTOR,CLINICAL DIRECTOR
CLINIC DIRECTOR,CLINICAL DIRECTOR,CLINIC DIRECTOR,CLINICAL DIRECTOR
CLINICAL DIRECTOR 1,CLINICAL DIRECTOR,CLINICAL DIRECTOR 1,CLINICAL DIRECTOR
,,SR CLINICAL DIRECTOR,CLINICAL DIRECTOR
,,REGIONAL MAINTAINER II FORESTRY,REGIONAL MAINTAINER I FORESTRY
REGIONAL MAINTAINE I FORESTRY,REGIONAL MAINTAINER I FORESTRY,REGIONAL MAINTAINE I FORESTRY,REGIONAL MAINTAINER I FORESTRY
REGIONAL MAINTAINER FORESTRY,REGIONAL MAINTAINER I FORESTRY,REGIONAL MAINTAINER FORESTRY,REGIONAL MAINTAINER I FORESTRY
,,REGIONAL MAINTAINER FORESTRY UTS,REGIONAL MAINTAINER I FORESTRY
SPECIALIST TECHNICAL,TECHNICAL SPECIALIST,SPECIALIST TECHNICAL,TECHNICAL SPECIALIST
PROFESSOR ANTHROPOLOGY,PROFESSOR,PROFESSOR ANTHROPOLOGY,PROFESSOR OF ANTHROPOLOGY
FULL PROFESSOR ANTHROPOLOGY,PROFESSOR,FULL PROFESSOR ANTHROPOLOGY,PROFESSOR OF ANTHROPOLOGY
FULL PROFESSOR (ANTHROPOLOGY),PROFESSOR,FULL PROFESSOR (ANTHROPOLOGY),PROFESSOR OF ANTHROPOLOGY
DIRECTION ÃCOLE,DIRECTION ÉCOLE,DIRECTION ÃCOLE,DIRECTION ÉCOLE
DIRECTIONS ÉCOLES,DIRECTION ÉCOLE,DIRECTIONS ÉCOLES,DIRECTION ÉCOLE
,,NETWORK COORDINATOR,WORK COORDINATOR
INSPECTION AND MAINTENANCE TECHNICIANFIRST LINE MANAGER ASSISTANT,INSPECTION AND MAINTENANCE TECHNICIAN FIRST LINE MANAGER ASSISTANT,INSPECTION AND MAINTENANCE TECHNICIANFIRST LINE MANAGER ASSISTANT,INSPECTION AND MAINTENANCE TECHNICIAN FIRST LINE MANAGER ASSISTANT
COMMUNICATIONS DIRECTOR,DIRECTOR COMMUNICATIONS,COMMUNICATIONS DIRECTOR,DIRECTOR COMMUNICATIONS
DIRECTOR (COMMUNICATIONS),DIRECTOR COMMUNICATIONS,DIRECTOR (COMMUNICATIONS),DIRECTOR COMMUNICATIONS
DIRECTOR COMMUNICATION,DIRECTOR COMMUNICATIONS,DIRECTOR COMMUNICATION,DIRECTOR COMMUNICATIONS
COMMUNICATION DIRECTOR,DIRECTOR COMMUNICATIONS,COMMUNICATION DIRECTOR,DIRECTOR COMMUNICATIONS
DIRECTOR OF COMMUNICATIONS,DIRECTOR COMMUNICATIONS,DIRECTOR OF COMMUNICATIONS,DIRECTOR COMMUNICATIONS
PSYCHOLOGIST\PSYCHOLOGUE,PSYCHOLOGIST,PSYCHOLOGIST\PSYCHOLOGUE,PSYCHOLOGIST PSYCHOLOGUE
PSYCHOLOGUE PSYCHOLOGIST,PSYCHOLOGIST,PSYCHOLOGUE PSYCHOLOGIST,PSYCHOLOGIST PSYCHOLOGUE
PSYCHOLOGISTPSYCHOLOGUE,PSYCHOLOGIST,PSYCHOLOGISTPSYCHOLOGUE,PSYCHOLOGIST PSYCHOLOGUE
PSYCHOLGIST PSYCHOLOGUE,PSYCHOLOGIST,PSYCHOLGIST PSYCHOLOGUE,PSYCHOLOGIST PSYCHOLOGUE
PSYCHOLOGISTPSYCHOLOGE,PSYCHOLOGIST,PSYCHOLOGISTPSYCHOLOGE,PSYCHOLOGIST PSYCHOLOGUE
EDUCATION OFFICER AGENTE D'ÉDUCATION,EDUCATION OFFICER,EDUCATION OFFICER AGENTE D'ÉDUCATION,EDUCATION OFFICER AGENTE D'Ã©DUCATION
EDUCATION OFFICER AGENT D'Ã©DUCATION,EDUCATION OFFICER,EDUCATION OFFICER AGENT D'Ã©DUCATION,EDUCATION OFFICER AGENTE D'Ã©DUCATION
EDUCATION OFFICER AGENT D'ÉDUCATION,EDUCATION OFFICER,EDUCATION OFFICER AGENT D'ÉDUCATION,EDUCATION OFFICER AGENTE D'Ã©DUCATION
,,MANAGER CUSTOMER RELATIONS,CUSTOMER OPERATIONS MANAGER
,,CUSTOMER RELATIONS MANAGER,CUSTOMER OPERATIONS MANAGER
FIRE PREVENTION CAPTAIN,CAPTAIN FIRE PREVENTION,FIRE PREVENTION CAPTAIN,CAPTAIN FIRE PREVENTION
FIRE CAPTAIN PREVENTION,CAPTAIN FIRE PREVENTION,FIRE CAPTAIN PREVENTION,CAPTAIN FIRE PREVENTION
FIRE PREVENT CAPTAIN,CAPTAIN FIRE PREVENTION,FIRE PREVENT CAPTAIN,CAPTAIN FIRE PREVENTION
FIRE CAPTAIN AND PREVENTION,CAPTAIN FIRE PREVENTION,FIRE CAPTAIN AND PREVENTION,CAPTAIN FIRE PREVENTION
FIRE CAPTAIN FIRE PREVENTION,CAPTAIN FIRE PREVENTION,FIRE CAPTAIN FIRE PREVENTION,CAPTAIN FIRE PREVENTION
SUPERVISOR OPERATIONS,OPERATIONS SUPERVISOR,SUPERVISOR OPERATIONS,OPERATIONS SUPERVISOR
OPERATION SUPERVISOR,OPERATIONS SUPERVISOR,OPERATION SUPERVISOR,OPERATIONS SUPERVISOR
SUPERVISOR OF OPERATIONS,OPERATIONS SUPERVISOR,SUPERVISOR OF OPERATIONS,OPERATIONS SUPERVISOR
,,SUPERVISOR BUS OPERATIONS,OPERATIONS SUPERVISOR
,,OPERATIONS SUPERVISOR EMS,OPERATIONS SUPERVISOR
ASSOCIATE MEDICAL OFFICER HEALTH,ASSOCIATE MEDICAL OFFICER OF HEALTH,ASSOCIATE MEDICAL OFFICER HEALTH,ASSOCIATE MEDICAL OFFICER OF HEALTH
ASSOCIATE MED OFFICER OF HEALTH,ASSOCIATE MEDICAL OFFICER OF HEALTH,ASSOCIATE MED OFFICER OF HEALTH,ASSOCIATE MEDICAL OFFICER OF HEALTH
,,ASSOCIATE CHIEF MEDICAL OFFICER OF HEALTH,ASSOCIATE MEDICAL OFFICER OF HEALTH
,,ASSISTANT MEDICAL OFFICER OF HEALTH,ASSOCIATE MEDICAL OFFICER OF HEALTH
COUNSEL SENIOR,SENIOR COUNSEL,COUNSEL SENIOR,SENIOR COUNSEL
DIRECTOR OF PUBIC WORKS,DIRECTOR OF PUBLIC WORKS,DIRECTOR OF PUBIC WORKS,DIRECTOR OF PUBLIC WORKS
DIRECTOR OF PUBLIC WORK,DIRECTOR OF PUBLIC WORKS,DIRECTOR OF PUBLIC WORK,DIRECTOR OF PUBLIC WORKS
DIRECTOR PUBLIC WORKS,DIRECTOR OF PUBLIC WORKS,DIRECTOR PUBLIC WORKS,DIRECTOR OF PUBLIC WORKS
PUBLIC WORKS DIRECTOR,DIRECTOR OF PUBLIC WORKS,PUBLIC WORKS DIRECTOR,DIRECTOR OF PUBLIC WORKS
,,DIRECTOR ENG PUBLIC WORKS,DIRECTOR OF PUBLIC WORKS
LIEUTENANT FIRE,FIRE LIEUTENANT,LIEUTENANT FIRE,FIRE LIEUTENANT
,,CODIRECTOR OF CARE,DIRECTOR OF CARE
,,DIRECTOR OF DAYCARE,DIRECTOR OF CARE
DIRECTOR CARE,DIRECTOR OF CARE,DIRECTOR CARE,DIRECTOR OF CARE
ENVIRONMENT CHEMICAL AND SAFETY TECHNICIAN TECHNOLOGIST,ENVIRONMENT CHEMICAL AND SAFETY TECHNICIANTECHNOLOGIST,ENVIRONMENT CHEMICAL AND SAFETY TECHNICIAN TECHNOLOGIST,ENVIRONMENT CHEMICAL AND SAFETY TECHNICIANTECHNOLOGIST
ONCOLOGIST RADIATION,RADIATION ONCOLOGIST,ONCOLOGIST RADIATION,RADIATION ONCOLOGIST
ONCOLOGIST RADIATIOIN,RADIATION ONCOLOGIST,ONCOLOGIST RADIATIOIN,RADIATION ONCOLOGIST
,,CEO RADIATION ONCOLOGIST,RADIATION ONCOLOGIST
PROFESSOR MECHANICAL AND INDUSTRIAL ENGINEERING,PROFESSOR,PROFESSOR MECHANICAL AND INDUSTRIAL ENGINEERING,PROFESSOR OF MECHANICAL AND INDUSTRIAL ENGINEERING
PROF OF MECHANICAL AND INDUSTRIAL ENGINEERING,PROFESSOR,PROF OF MECHANICAL AND INDUSTRIAL ENGINEERING,PROFESSOR OF MECHANICAL AND INDUSTRIAL ENGINEERING
PROFESSORCHAIR MECHANICAL AND INDUSTRIAL ENGINEERING,PROFESSOR,PROFESSORCHAIR MECHANICAL AND INDUSTRIAL ENGINEERING,PROFESSOR OF MECHANICAL AND INDUSTRIAL ENGINEERING
ASSOCIATE PROFESSOR OF MECHANICAL AND INDUSTRIAL ENGINEERING,ASSOCIATE PROFESSOR,ASSOCIATE PROFESSOR OF MECHANICAL AND INDUSTRIAL ENGINEERING,PROFESSOR OF MECHANICAL AND INDUSTRIAL ENGINEERING
ASSISTANT PROFESSOR OF MECHANICAL AND INDUSTRIAL ENGINEERING,ASSISTANT PROFESSOR,ASSISTANT PROFESSOR OF MECHANICAL AND INDUSTRIAL ENGINEERING,PROFESSOR OF MECHANICAL AND INDUSTRIAL ENGINEERING
DIRECTOR PROJECT,PROJECT DIRECTOR,DIRECTOR PROJECT,PROJECT DIRECTOR
PROJECTS DIRECTOR,PROJECT DIRECTOR,PROJECTS DIRECTOR,PROJECT DIRECTOR
DIRECTOR PROJECTS,PROJECT DIRECTOR,DIRECTOR PROJECTS,PROJECT DIRECTOR
PROJECT DIRECTOR (T),PROJECT DIRECTOR,PROJECT DIRECTOR (T),PROJECT DIRECTOR
DIRECTOR EPROJECTS,PROJECT DIRECTOR,DIRECTOR EPROJECTS,PROJECT DIRECTOR
INFORMATION TECHNOLOGY MANAGER,MANAGER INFORMATION TECHNOLOGY,INFORMATION TECHNOLOGY MANAGER,MANAGER INFORMATION TECHNOLOGY
MANGER INFORMATION TECHNOLOGY,MANAGER INFORMATION TECHNOLOGY,MANGER INFORMATION TECHNOLOGY,MANAGER INFORMATION TECHNOLOGY
MANAGER INFORMATION TECHNOLOLOGY,MANAGER INFORMATION TECHNOLOGY,MANAGER INFORMATION TECHNOLOLOGY,MANAGER INFORMATION TECHNOLOGY
MANAGER OF INFORMATION TECHNOLOGY,MANAGER INFORMATION TECHNOLOGY,MANAGER OF INFORMATION TECHNOLOGY,MANAGER INFORMATION TECHNOLOGY
,,SR MANAGER INFORMATION TECHNOLOGY,MANAGER INFORMATION TECHNOLOGY
SHIFT EMERGENCY RESPONSE MANAG,SHIFT EMERGENCY RESPONSE MANAGER,SHIFT EMERGENCY RESPONSE MANAG,SHIFT EMERGENCY RESPONSE MANAGER
OFFICER EXECUTIVE,EXECUTIVE OFFICER,OFFICER EXECUTIVE,EXECUTIVE OFFICER
EXECUTIVE OFFICE,EXECUTIVE OFFICER,EXECUTIVE OFFICE,EXECUTIVE OFFICER
,,EXECUTIVE OFFICER HR,EXECUTIVE OFFICER
,,RPS EXECUTIVE OFFICE,EXECUTIVE OFFICER
,,MOHEXECUTIVE OFFICER,EXECUTIVE OFFICER
VICE PRESIDENT HUMAN RESOURCE,VICE PRESIDENT HUMAN RESOURCES,VICE PRESIDENT HUMAN RESOURCE,VICE PRESIDENT HUMAN RESOURCES
VICE PRESIDENT OF HUMAN RESOURCES,VICE PRESIDENT HUMAN RESOURCES,VICE PRESIDENT OF HUMAN RESOURCES,VICE PRESIDENT HUMAN RESOURCES
,,SR VICE PRESIDENT HUMAN RESOURCES,VICE PRESIDENT HUMAN RESOURCES
,,VICE PRESIDENT II HUMAN RESOURCES,VICE PRESIDENT HUMAN RESOURCES
,,VICE PRESIDENTCFO HUMAN RESOURCES,VICE PRESIDENT HUMAN RESOURCES
PHARMACISTPHARMACIE,PHARMACIST,PHARMACISTPHARMACIE,PHARMACISTPHARMACIEN
PHARMACISTPHARMACIENNE,PHARMACIST,PHARMACISTPHARMACIENNE,PHARMACISTPHARMACIEN
PHARMACIST PHARMACISTE,PHARMACIST,PHARMACIST PHARMACISTE,PHARMACISTPHARMACIEN
,,RADIATION PHYSICIST,PHYSICIST RADIATION
,,PHYSICIST II RADIATION,PHYSICIST RADIATION
,,PHYSICIST III RADIATION,PHYSICIST RADIATION
PROFESSOR GEOGRAPHY,PROFESSOR,PROFESSOR GEOGRAPHY,PROFESSOR OF GEOGRAPHY
ASS'T CROWN ATTORNEY,ASSISTANT CROWN ATTORNEY,ASS'T CROWN ATTORNEY,ASST CROWN ATTORNEY
ASST CROWN ATTORNEY (DES),ASSISTANT CROWN ATTORNEY,ASST CROWN ATTORNEY (DES),ASST CROWN ATTORNEY
CASE MANAGER GESTIONNAIRE DE CAS,CASE MANAGER,CASE MANAGER GESTIONNAIRE DE CAS,CASE MANAGER\GESTIONNAIRE DE CAS
CASE MANAGER GESTIONNAIRE DES CAUSES,CASE MANAGER,CASE MANAGER GESTIONNAIRE DES CAUSES,CASE MANAGER\GESTIONNAIRE DE CAS
TEACHER ONLINE ENGLISH AS A SECOND LANGUAGE ELEMENTARY,TEACHER,TEACHER ONLINE ENGLISH AS A SECOND LANGUAGE ELEMENTARY,TEACHER ENGLISH AS A SECOND LANGUAGE ELEMENTARY
ELEMENTARY FRENCH AS A SECOND LANGUAGE TEACHER,TEACHER,ELEMENTARY FRENCH AS A SECOND LANGUAGE TEACHER,TEACHER ENGLISH AS A SECOND LANGUAGE ELEMENTARY
ASSISTANT EXECUTIVE,EXECUTIVE ASSISTANT,ASSISTANT EXECUTIVE,EXECUTIVE ASSISTANT
CITY MANAGER (A),CITY MANAGER,CITY MANAGER (A),CITY MANAGER
,,MANAGER IT,CITY MANAGER
,,IT MANAGER,CITY MANAGER
SENIOR ENGINEER SCIENTIST SPECIALIST,SENIOR ENGINEERSCIENTIST SPECIALIST,SENIOR ENGINEER SCIENTIST SPECIALIST,SENIOR ENGINEERSCIENTIST SPECIALIST
SENIOR ENGSCIENTIST SPECIALIST,SENIOR ENGINEERSCIENTIST SPECIALIST,SENIOR ENGSCIENTIST SPECIALIST,SENIOR ENGINEERSCIENTIST SPECIALIST
COUNSEL GENERAL,GENERAL COUNSEL,COUNSEL GENERAL,GENERAL COUNSEL
GENERAL COUNSELE,GENERAL COUNSEL,GENERAL COUNSELE,GENERAL COUNSEL
,,VPGENERAL COUNSEL,GENERAL COUNSEL
,,DEAN PROFESSORMEDICAL DOCTOR,PROFESSORMEDICAL DOCTOR
,,SUPERVISOR CONSTRUCTION INSPECTOR,SENIOR CONSTRUCTION INSPECTOR
ASSOCIATED DIRECTOR,ASSOCIATE DIRECTOR,ASSOCIATED DIRECTOR,ASSOCIATE DIRECTOR
,,ASSOCIATE DIRECTOR HR,ASSOCIATE DIRECTOR
,,ASSOCIATE DIRECTOR AMS,ASSOCIATE DIRECTOR
,,ASSOCIATE DEANDIRECTOR,ASSOCIATE DIRECTOR
CHIEF BUILDING OFFICAL,CHIEF BUILDING OFFICIAL,CHIEF BUILDING OFFICAL,CHIEF BUILDING OFFICIAL
CHEIF BUILDING OFFICIAL,CHIEF BUILDING OFFICIAL,CHEIF BUILDING OFFICIAL,CHIEF BUILDING OFFICIAL
CHIEF BUILD OFFICIAL,CHIEF BUILDING OFFICIAL,CHIEF BUILD OFFICIAL,CHIEF BUILDING OFFICIAL
SUPERVISOR PROGRAMS,PROGRAM SUPERVISOR,SUPERVISOR PROGRAMS,PROGRAM SUPERVISOR
PROFESSOR OF MEDICINE,PROFESSOR,PROFESSOR OF MEDICINE,PROFESSOR MEDICINE
VICE PRESIDENT ADMINISTRATION AND FINANCE,VICE PRESIDENT FINANCE AND ADMINISTRATION,VICE PRESIDENT ADMINISTRATION AND FINANCE,VICE PRESIDENT FINANCE AND ADMINISTRATION
VICE PRESIDENT (FINANCE AND ADMINISTRATION),VICE PRESIDENT FINANCE AND ADMINISTRATION,VICE PRESIDENT (FINANCE AND ADMINISTRATION),VICE PRESIDENT FINANCE AND ADMINISTRATION
VICE PRESIDENT: FINANCE AND ADMINISTRATION,VICE PRESIDENT FINANCE AND ADMINISTRATION,VICE PRESIDENT: FINANCE AND ADMINISTRATION,VICE PRESIDENT FINANCE AND ADMINISTRATION
VICE PRESIDENT FINANCE AND ADMINSTRATION,VICE PRESIDENT FINANCE AND ADMINISTRATION,VICE PRESIDENT FINANCE AND ADMINSTRATION,VICE PRESIDENT FINANCE AND ADMINISTRATION
VICE PRESIDENT OF FINANCE AND ADMINISTRATION,VICE PRESIDENT FINANCE AND ADMINISTRATION,VICE PRESIDENT OF FINANCE AND ADMINISTRATION,VICE PRESIDENT FINANCE AND ADMINISTRATION
ONCOLOGIST MEDICAL,MEDICAL ONCOLOGIST,ONCOLOGIST MEDICAL,MEDICAL ONCOLOGIST
,,CEOMEDICAL ONCOLOGIST,MEDICAL ONCOLOGIST
,,CEO MEDICAL ONCOLOGIST,MEDICAL ONCOLOGIST
OPERATIONS SPECIALIST I,OPERATIONS SPECIALIST,OPERATIONS SPECIALIST I,OPERATIONS SPECIALIST
,,OPERATIONS SPECIALISTII,OPERATIONS SPECIALIST
,,OPERATIONS SPECIALIST II,OPERATIONS SPECIALIST
,,CLINIC COORDINATOR,CLINICAL COORDINATOR
SR INFORMATION SYSTEMS ANALYST,SENIOR INFORMATION SYSTEMS ANALYST,SR INFORMATION SYSTEMS ANALYST,SENIOR INFORMATION SYSTEMS ANALYST
,,INFORMATION SYSTEMS SUPPORT ANALYST,SENIOR INFORMATION SYSTEMS ANALYST
DIRECTOR SENIORS,SENIOR DIRECTOR,DIRECTOR SENIORS,SENIOR DIRECTOR
SENIOR DIRECTOR AÃ®NÃ©,SENIOR DIRECTOR,SENIOR DIRECTOR AÃ®NÃ©,SENIOR DIRECTOR
,,NURSE CLINICIAN 2,NURSE CLINICIAN
CLINICAL NURSE,NURSE CLINICIAN,CLINICAL NURSE,NURSE CLINICIAN
,,SENIOR PROJECT MANAGER INFORMATION AND INFORMATION TECHNOLOGY,SENIOR INFORMATION AND INFORMATION TECHNOLOGY PROJECT MANAGER
,,INFORMATION AND INFORMATION TECHNOLOGY PROJECT MANAGER,SENIOR INFORMATION AND INFORMATION TECHNOLOGY PROJECT MANAGER
,,PROJECT MANAGER INFORMATION AND INFORMATION TECHNOLOGY,SENIOR INFORMATION AND INFORMATION TECHNOLOGY PROJECT MANAGER
,,INFORMATION AND INFORMATION TECHNOLOGY RESOURCE MANAGER,SENIOR INFORMATION AND INFORMATION TECHNOLOGY PROJECT MANAGER
NUCLEAR SECURITY OFFICERFIRST LINE MANAGER ASSISTANT,NUCLEAR SECURITY OFFICER FIRST LINE MANAGER ASSISTANT,NUCLEAR SECURITY OFFICERFIRST LINE MANAGER ASSISTANT,NUCLEAR SECURITY OFFICER FIRST LINE MANAGER ASSISTANT
CAPTAIN IN TRAINING,CAPTAIN TRAINING,CAPTAIN IN TRAINING,CAPTAIN TRAINING
PEFUSIONIST,PERFUSIONIST,PEFUSIONIST,PERFUSIONIST
,,PERFUSIONIST 2,PERFUSIONIST
PROFUSIONIST,PERFUSIONIST,PROFUSIONIST,PERFUSIONIST